DateTime,Holcombe_Discharge,BroadRiverShoal_Discharge,BroadRiverCarlisle_Discharge,EnoreeRiver_Discharge,TygerRiver_Discharge,Calhoun_Precipitation
2014-10-01,0.0,38488.0,41035.0,5631.7,7669.3,0.0
2014-10-02,0.0,34526.0,39054.0,5433.6,7499.5,0.0
2014-10-03,0.0,26234.1,29998.0,5150.6,7075.0,2.0000000000000004
2014-10-04,0.0,34526.0,35092.0,4980.8,6933.5,0.0
2014-10-05,0.0,50374.0,55185.0,6395.8,8235.300000000001,0.0
2014-10-06,0.0,29998.0,35375.0,5999.6,8376.800000000001,0.0
2014-10-07,0.0,24819.1,27847.2,5150.6,7499.5,0.0
2014-10-08,0.0,33960.0,35941.0,4867.6,6820.3,0.0
2014-10-09,0.0,27451.0,32262.0,4782.7,6622.2,0.0
2014-10-10,0.0,22555.1,25441.7,4867.6,6395.8,0.0
2014-10-11,0.0,37356.0,38488.0,4726.1,6141.1,0.30000000000000004
2014-10-12,0.0,44714.0,48110.0,5178.9000000000015,6254.3,4.599999999999998
2014-10-13,0.0,29149.0,34243.0,5150.6,6650.5,0.6
2014-10-14,0.0,61128.0,62543.0,10838.9,9423.9,11.1
2014-10-15,0.0,73863.0,76410.0,11631.3,11970.9,1.0
2014-10-16,0.0,107257.0,113483.0,27026.5,24621.0,0.4
2014-10-17,0.0,91409.0,98767.0,12848.2,21366.5,0.0
2014-10-18,0.0,64524.0,73580.0,8829.6,16329.1,0.0
2014-10-19,0.0,52638.0,55751.0,7471.2,13272.7,0.0
2014-10-20,0.0,49242.0,53204.0,6763.7,11348.3,0.0
2014-10-21,0.0,32545.0,38205.0,6282.6,10074.8,0.0
2014-10-22,0.0,27649.1,31130.0,6112.8,9140.9,0.0
2014-10-23,0.0,47544.0,49525.0,5914.7,8603.2,0.0
2014-10-24,0.0,45846.0,50374.0,5688.3,8037.2,0.0
2014-10-25,0.0,42450.0,45846.0,5546.8,7725.900000000002,0.0
2014-10-26,0.0,43016.0,45846.0,5546.8,7725.900000000002,0.0
2014-10-27,0.0,42167.0,45846.0,5490.2,7442.900000000002,0.0
2014-10-28,0.0,27196.3,31979.0,5377.0,7358.0,0.0
2014-10-29,0.0,35375.0,36790.0,5377.0,7159.900000000002,0.0
2014-10-30,0.0,34526.0,37922.0,5292.1,6961.8,0.0
2014-10-31,0.0,40469.0,44997.0,5150.6,6848.6,0.7
2014-11-01,0.0,38771.0,43016.0,5377.0,7188.2,12.299999999999995
2014-11-02,0.0,35092.0,40186.0,5631.7,7386.3,0.1
2014-11-03,0.0,37356.0,41601.0,6678.8,7329.7,0.2
2014-11-04,0.0,43865.0,45280.0,5829.8,7103.3,0.1
2014-11-05,0.0,45563.0,49808.0,5433.6,6593.900000000002,0.0
2014-11-06,0.0,30564.0,35658.0,5405.3,6480.7,1.3000000000000005
2014-11-07,0.0,36507.0,38205.0,5405.3,6905.2,0.0
2014-11-08,0.0,39054.0,43299.0,5490.2,7018.400000000002,0.0
2014-11-09,0.0,41884.0,44148.0,5405.3,7499.5,0.0
2014-11-10,0.0,35941.0,40752.0,5377.0,7556.1,0.0
2014-11-11,0.0,33111.0,36507.0,5405.3,7442.900000000002,0.0
2014-11-12,0.0,33394.0,36790.0,5433.6,7216.5,0.0
2014-11-13,0.0,40469.0,42450.0,5461.9000000000015,7386.3,0.0
2014-11-14,0.0,32545.0,38488.0,5377.0,7358.0,0.2
2014-11-15,0.0,40186.0,41601.0,5348.7,6933.5,0.0
2014-11-16,0.0,48393.0,53204.0,5320.4000000000015,6820.3,0.0
2014-11-17,0.0,39054.0,43016.0,5490.2,7188.2,20.7
2014-11-18,0.0020269020138888893,45563.0,49525.0,7499.5,9791.8,0.0
2014-11-19,2.7430555555555556e-07,47827.0,51223.0,11970.9,13555.7,0.0
2014-11-20,5.105649999999997e-05,46412.0,50374.0,7952.3,11093.6,0.0
2014-11-21,0.0,46129.0,49808.0,6678.8,9367.3,0.0
2014-11-22,1.371527777777778e-06,44431.0,48110.0,6226.0,8716.4,0.0
2014-11-23,0.513422886472222,42733.0,47261.0,6509.0,9112.6,51.80000000000004
2014-11-24,0.2040200658263885,88296.0,84617.0,17970.5,20093.0,0.0
2014-11-25,0.1206134483819446,177724.0,199798.0,39620.0,40186.0,8.500000000000004
2014-11-26,1.1127721278263885,137255.0,154801.0,18876.1,32828.0,24.799999999999994
2014-11-27,0.5364953260138894,135557.0,150839.0,21281.6,32828.0,0.1
2014-11-28,0.3117850267499989,107823.0,119709.0,16187.6,25809.6,0.0
2014-11-29,0.2303973049236112,76410.0,84900.0,11659.6,19611.9,0.0
2014-11-30,0.2293717942152777,69335.0,74429.0,10018.2,16414.0,0.0
2014-12-01,0.2279233832222224,67637.0,72448.0,9225.8,14291.5,0.0
2014-12-02,0.2408300483958329,62543.0,67920.0,8744.7,12933.1,0.0
2014-12-03,0.26066786352777715,64241.0,67920.0,8348.5,12140.7,0.2
2014-12-04,0.2693878854374993,79806.0,83768.0,8122.1,11801.1,0.1
2014-12-05,0.3094864437083341,78391.0,85749.0,7952.3,11687.9,4.699999999999998
2014-12-06,0.3470617412777787,63675.0,67920.0,8008.900000000002,11659.6,3.7000000000000015
2014-12-07,0.31207817040972224,65373.0,71599.0,8603.2,12310.5,0.1
2014-12-08,0.2860042607986108,54053.0,58864.0,9395.6,12480.3,0.0
2014-12-09,0.2954956871041666,53770.0,58015.0,8207.0,11546.4,0.0
2014-12-10,0.2804961022569441,46978.0,50374.0,7782.5,10895.5,0.0
2014-12-11,0.26028179071527746,49525.0,51789.0,7584.400000000002,10669.1,0.0
2014-12-12,0.2535904117083328,53204.0,56883.0,7358.0,10442.7,0.0
2014-12-13,0.1833874713819448,51223.0,54619.0,7216.5,10046.5,0.0
2014-12-14,0.0044313375277777785,48110.0,51506.0,7159.900000000002,10018.2,0.0
2014-12-15,0.008656532597222205,63675.0,65090.0,7046.7,10074.8,0.0
2014-12-16,0.026788704131944445,61977.0,68486.0,7103.3,10018.2,5.199999999999998
2014-12-17,0.015874120291666644,60845.0,61411.0,7159.900000000002,10471.0,0.0
2014-12-18,0.00905818256249998,52072.0,60279.0,7244.8,10810.6,0.0
2014-12-19,0.009824479743055538,35092.0,38205.0,7046.7,10838.9,0.0
2014-12-20,0.014239005583333313,52355.0,53770.0,6990.1,10754.0,2.3000000000000007
2014-12-21,0.015966275736111108,55468.0,61128.0,7103.3,10754.0,0.1
2014-12-22,0.02748437874305555,44431.0,49525.0,7216.5,11037.0,12.499999999999995
2014-12-23,0.10489649671527793,58298.0,60279.0,7697.6,11603.0,8.599999999999994
2014-12-24,2.424506126979168,79523.0,88862.0,14461.3,20319.4,24.300000000000054
2014-12-25,1.0360051395208327,166121.0,182252.0,53770.0,49808.0,0.0
2014-12-26,0.4663448451388894,142915.0,162725.0,35092.0,45280.0,0.0
2014-12-27,0.26352096174999906,103861.0,116030.0,18027.1,29432.0,0.0
2014-12-28,0.2761513408888891,70467.0,76410.0,14461.3,22979.6,4.9
2014-12-29,2.8113314991250005,86032.0,102446.0,17574.3,27507.6,19.600000000000012
2014-12-30,1.329177819152776,92258.0,101314.0,19017.6,28583.0,3.1000000000000014
2014-12-31,0.7948685835972213,93673.0,101031.0,15508.4,23319.2,0.0
2015-01-01,0.5083224471736109,80372.0,88862.0,12848.2,19498.7,0.0
2015-01-02,0.4405848434444445,73863.0,81504.0,11886.0,17517.7,9.299999999999992
2015-01-03,1.1733965243541675,68203.0,73580.0,12112.4,18423.3,10.099999999999998
2015-01-04,1.8896668934097225,99050.0,104427.0,24338.0,32545.0,5.4999999999999964
2015-01-05,1.0535399171526314,200647.0,215080.0,46978.0,53770.0,0.2
2015-01-06,0.4026033792673603,170649.0,194704.0,42450.0,58581.0,0.0
2015-01-07,0.0,134142.0,149990.0,22272.1,40469.0,0.0
2015-01-08,0.0,103012.0,112351.0,17461.100000000002,28866.0,0.0
2015-01-09,0.0,94805.0,101880.0,14857.5,23658.8,0.0
2015-01-10,0.0,88579.0,95371.0,13555.7,20800.5,0.0
2015-01-11,0.5415530965868061,80938.0,87730.0,12593.5,19102.5,6.1999999999999975
2015-01-12,1.3163420168159723,103012.0,111785.0,17234.7,27932.1,25.100000000000023
2015-01-13,0.2430665897395833,121973.0,137538.0,25017.2,35658.0,0.8999999999999999
2015-01-14,0.0,102729.0,112634.0,18338.4,27762.3,0.1
2015-01-15,0.0,97635.0,106408.0,15112.2,23319.2,0.0
2015-01-16,0.0,82070.0,89145.0,13753.8,20885.4,0.0
2015-01-17,0.0,72165.0,77259.0,12876.5,19215.7,0.0
2015-01-18,0.0,63675.0,67354.0,12282.2,18225.2,0.0
2015-01-19,0.0,70184.0,73297.0,11744.5,17461.100000000002,0.0
2015-01-20,0.0,69901.0,75278.0,11376.6,16838.5,0.0
2015-01-21,0.0,55468.0,58581.0,11291.7,16300.8,0.0
2015-01-22,0.0,63392.0,64241.0,10923.8,15819.7,0.0
2015-01-23,0.0,69901.0,74995.0,10838.9,15819.7,18.700000000000024
2015-01-24,0.0,90560.0,92541.0,14036.8,22696.6,2.9000000000000012
2015-01-25,0.0,120275.0,135274.0,23432.4,32262.0,0.0
2015-01-26,0.0,74429.0,84051.0,16612.100000000002,25470.0,0.0
2015-01-27,0.1646537959791669,75844.0,79806.0,13951.9,21451.4,0.0
2015-01-28,0.31793692519791805,76127.0,82636.0,12621.8,19300.6,0.0
2015-01-29,0.2812887508055573,58581.0,62826.0,11772.8,17913.9,0.0
2015-01-30,0.2622128059583322,79523.0,82636.0,11376.6,17036.600000000002,0.0
2015-01-31,0.1993437906111109,67920.0,74995.0,11178.5,16442.3,0.0
2015-02-01,0.2153694273020827,63675.0,65373.0,10838.9,15480.1,4.5
2015-02-02,1.9353285774340323,57166.0,62543.0,12961.4,17829.0,18.4
2015-02-03,0.9147568243333359,72448.0,74429.0,23432.4,25187.0,0.0
2015-02-04,0.8214994400416695,84617.0,91126.0,17772.4,23772.0,0.0
2015-02-05,0.8252967254791663,80089.0,86598.0,14376.4,20998.6,0.0
2015-02-06,0.7210510418923581,68486.0,74146.0,13131.2,19244.0,0.0
2015-02-07,0.6549958582291627,59713.0,61411.0,12338.8,18055.4,0.0
2015-02-08,0.654746606930551,71033.0,72731.0,11801.1,17291.3,0.0
2015-02-09,0.7436734491666639,68486.0,73297.0,11857.7,17206.4,12.199999999999989
2015-02-10,0.8161102060905905,59430.0,60562.0,12848.2,20262.8,0.30000000000000004
2015-02-11,0.4081100500243047,93673.0,99050.0,15310.3,22272.1,0.0
2015-02-12,0.3832293205486104,74429.0,78108.0,12933.1,19583.6,0.0
2015-02-13,0.3588816267569435,69335.0,74429.0,11829.4,17942.2,0.0
2015-02-14,0.3556439916770822,65656.0,68486.0,11376.6,17064.9,0.0
2015-02-15,0.30485876140625234,60279.0,63675.0,10980.4,16414.0,0.0
2015-02-16,0.28123249269791617,42733.0,45280.0,10782.3,15706.5,0.1
2015-02-17,0.4271540297256957,54336.0,54053.0,11348.3,16414.0,8.500000000000002
2015-02-18,0.479950699,74146.0,77542.0,14885.8,20404.3,5.199999999999997
2015-02-19,0.3493449166805554,86315.0,89994.0,18762.9,23828.6,0.1
2015-02-20,0.2818898400763894,71599.0,76693.0,14517.9,20574.1,0.0
2015-02-21,0.3334066477395824,63109.0,64807.0,12848.2,18678.0,0.2
2015-02-22,0.4830394772673596,79240.0,82636.0,12706.7,18253.5,6.399999999999999
2015-02-23,0.6514073089479147,80938.0,86315.0,15706.5,20517.5,2.1000000000000005
2015-02-24,0.6512999451458323,71033.0,75561.0,16272.5,21734.4,0.0
2015-02-25,0.8412203127569455,65090.0,68203.0,14234.9,20687.3,15.8
2015-02-26,3.023369376819442,67637.0,73863.0,20234.5,29715.0,3.7
2015-02-27,1.5578456302673571,82070.0,86315.0,21055.2,32262.0,0.0
2015-02-28,1.0219283262499983,90277.0,96220.0,20093.0,28300.0,0.0
2015-03-01,0.9985930412152788,75561.0,80089.0,16414.0,24507.8,0.1
2015-03-02,0.8990294908815326,67637.0,71316.0,15706.5,23290.9,0.0
2015-03-03,0.6555277099687467,73863.0,76976.0,15310.3,22300.4,2.600000000000001
2015-03-04,0.6222626166041649,64524.0,67071.0,14574.5,21479.7,0.1
2015-03-05,0.6285790065729141,61694.0,62543.0,14574.5,21196.7,5.399999999999998
2015-03-06,0.5619669207152799,100748.0,104427.0,15168.8,21423.1,0.0
2015-03-07,0.6461140637916676,87730.0,96220.0,15734.8,21989.1,0.0
2015-03-08,0.6406492692847208,72448.0,74995.0,14093.4,20036.4,0.0
2015-03-09,0.4218156019930556,71882.0,74146.0,13385.9,18876.1,0.1
2015-03-10,0.4747055859236109,76410.0,77825.0,12933.1,18112.0,0.0
2015-03-11,0.8076130798402779,75844.0,77259.0,12678.4,17772.4,5.099999999999999
2015-03-12,0.925406058263888,69335.0,69618.0,12819.9,17659.2,0.0
2015-03-13,1.1240504187222236,57732.0,62543.0,12621.8,17687.5,18.699999999999992
2015-03-14,2.8715508412743045,94805.0,92541.0,15508.4,22696.6,5.599999999999998
2015-03-15,1.704936278611113,105559.0,113200.0,23432.4,33394.0,0.0
2015-03-16,1.0649108134722245,86315.0,91975.0,19951.5,29432.0,0.0
2015-03-17,0.8521056603680568,72731.0,75561.0,16131.0,24564.4,0.0
2015-03-18,0.7018987030798564,78108.0,79240.0,14716.0,22215.5,0.0
2015-03-19,1.0559364989930602,79523.0,82353.0,13838.7,20319.4,13.499999999999984
2015-03-20,1.967996330423604,74146.0,76693.0,14517.9,20942.0,0.30000000000000004
2015-03-21,1.835286728218745,74429.0,76410.0,16187.6,21677.8,0.0
2015-03-22,2.029631855604166,69052.0,70750.0,14687.7,20489.2,4.8
2015-03-23,2.4612415210868206,53770.0,54336.0,14065.1,19640.2,0.2
2015-03-24,1.517521654459931,68769.0,68486.0,13555.7,18734.6,0.0
2015-03-25,0.5975931951597216,73297.0,74712.0,12933.1,17970.5,0.0
2015-03-26,0.6411751634444415,71882.0,73297.0,12593.5,17715.8,0.0
2015-03-27,0.7691785399027782,68203.0,69052.0,12650.1,17602.600000000002,3.600000000000001
2015-03-28,0.7987259178402799,64807.0,65939.0,12508.6,17461.100000000002,0.0
2015-03-29,0.6747107541909689,65656.0,65939.0,12225.6,16838.5,0.0
2015-03-30,0.6038842456562508,61411.0,62543.0,11772.8,16357.4,2.5000000000000004
2015-03-31,0.5904047249722192,48676.0,48110.0,11829.4,16527.2,0.0
2015-04-01,0.6120466573611096,63675.0,61694.0,12565.2,16159.3,0.0
2015-04-02,0.6744949029687519,64807.0,65373.0,11659.6,15678.2,6.099999999999999
2015-04-03,0.5862590189097209,62260.0,61411.0,11574.7,16300.8,0.0
2015-04-04,0.300595852927085,61977.0,64807.0,12480.3,16159.3,0.0
2015-04-05,0.2361418165694434,76693.0,73014.0,12055.8,15621.6,0.0
2015-04-06,0.2359731009305545,47261.0,49242.0,11150.2,14857.5,0.0
2015-04-07,1.4469885320278737,58864.0,55185.0,11263.4,15253.7,30.6
2015-04-08,2.8122450594305484,115464.0,123954.0,16781.9,38205.0,0.2
2015-04-09,1.3675945898576394,104144.0,110087.0,23121.1,33960.0,0.0
2015-04-10,1.0744019644618088,95937.0,103012.0,16244.2,26602.0,0.0
2015-04-11,0.8591525041736109,78674.0,78957.0,13640.6,22753.2,0.0
2015-04-12,0.6864540661458287,71316.0,73297.0,12452.0,20291.1,0.0
2015-04-13,0.7241807723124993,66505.0,66505.0,11829.4,18819.5,10.699999999999998
2015-04-14,1.0262323700416631,56600.0,54902.0,12253.9,19753.4,2.2000000000000006
2015-04-15,3.622511042746532,112917.0,114049.0,18847.8,29715.0,25.60000000000002
2015-04-16,3.831948928545128,221306.0,241682.0,40186.0,59713.0,4.599999999999999
2015-04-17,3.3656511670798697,235456.0,263756.0,37073.0,62543.0,3.6000000000000014
2015-04-18,2.892400164548602,181686.0,207156.0,24026.7,47544.0,2.500000000000001
2015-04-19,11.62610006685764,178290.0,200364.0,29998.0,52355.0,35.5
2015-04-20,7.981963170690991,605620.0,639580.0,68203.0,117728.0,0.4
2015-04-21,2.9585051954375046,503740.0,551850.0,71033.0,163008.0,0.0
2015-04-22,2.021992708597221,275359.0,316960.0,47261.0,111219.0,1.1
2015-04-23,3.449871509475693,174045.0,197251.0,27394.4,70750.0,0.0
2015-04-24,3.2501622588819488,146028.0,160178.0,20376.0,41318.0,0.0
2015-04-25,3.643878982503488,126218.0,133576.0,17602.600000000002,33677.0,7.700000000000001
2015-04-26,3.31589355400693,119992.0,127067.0,16753.600000000002,31696.0,0.1
2015-04-27,2.9843091049687387,92541.0,97635.0,15876.3,29432.0,0.0
2015-04-28,1.8003780994166714,84900.0,84334.0,13951.9,26488.8,0.0
2015-04-29,0.4878733977951378,92824.0,96220.0,12933.1,23319.2,2.1000000000000005
2015-04-30,0.4072950291874987,96503.0,97918.0,12367.1,21168.4,0.2
2015-05-01,0.3459151905034717,92258.0,97069.0,11970.9,19583.6,0.0
2015-05-02,0.3520899363888902,72165.0,73014.0,11320.0,18310.1,0.0
2015-05-03,0.26736419061805505,79523.0,80938.0,10754.0,17319.600000000002,0.0
2015-05-04,0.33237128503125063,55468.0,61128.0,10386.1,16357.4,0.0
2015-05-05,0.3106761272638887,50091.0,46695.0,10074.8,15565.0,0.0
2015-05-06,0.3554760921770825,86881.0,89145.0,9706.9,15253.7,0.0
2015-05-07,0.2949702941388886,57732.0,61128.0,9395.6,14942.4,0.0
2015-05-08,0.17972481025694448,59430.0,61977.0,9197.5,14602.8,0.0
2015-05-09,0.2888610730486121,58581.0,57732.0,8971.1,14206.6,0.0
2015-05-10,0.2929793895173613,70184.0,71599.0,8659.800000000001,14234.9,0.0
2015-05-11,0.2728031282187497,40469.0,45563.0,8461.7,13527.4,0.0
2015-05-12,0.22556014412499875,51506.0,49242.0,8235.300000000001,12933.1,0.0
2015-05-13,0.19753122224652664,69618.0,71316.0,8574.9,13385.9,0.0
2015-05-14,0.1451999593449479,43865.0,49242.0,8518.300000000001,12933.1,0.0
2015-05-15,0.0891914914340282,58298.0,56883.0,7782.5,11489.8,0.0
2015-05-16,0.08374086630208381,44148.0,47827.0,7556.1,10867.2,0.0
2015-05-17,0.08030840731250029,55185.0,56883.0,7471.2,10867.2,0.0
2015-05-18,0.07575032100347223,40469.0,41601.0,7301.400000000002,10895.5,0.30000000000000004
2015-05-19,0.07584614409722247,43582.0,46129.0,7131.6,10725.7,0.1
2015-05-20,0.07871886930555587,40752.0,41318.0,15140.5,17489.4,0.0
2015-05-21,0.07419184831597211,56034.0,56317.0,11829.4,13782.1,0.0
2015-05-22,0.06659805762500004,43865.0,46129.0,8405.1,11659.6,0.0
2015-05-23,0.05504885160763907,40186.0,44148.0,7188.2,10301.2,0.0
2015-05-24,0.03216575872916681,51789.0,50940.0,6763.7,9339.0,0.0
2015-05-25,0.008817779003472186,32828.0,37073.0,6509.0,8773.0,0.0
2015-05-26,0.002772650888888889,29998.0,31413.0,6367.5,8546.6,8.899999999999997
2015-05-27,0.12131213003819442,37356.0,37639.0,6678.8,9140.9,0.1
2015-05-28,0.08200795850347199,70467.0,70184.0,8320.2,10272.9,4.499999999999999
2015-05-29,0.10126059675,50374.0,54336.0,8291.9,10527.6,0.1
2015-05-30,0.06274475764930569,45280.0,47544.0,7103.3,13895.3,0.0
2015-05-31,0.02653309686458334,49242.0,52921.0,6593.900000000002,11659.6,0.2
2015-06-01,0.1331362984513887,38205.0,39903.0,6424.1,10640.8,15.8
2015-06-02,0.4165763344409721,35658.0,37922.0,6480.7,10272.9,8.699999999999998
2015-06-03,0.4626800018645828,64241.0,65090.0,6961.8,11999.2,9.299999999999997
2015-06-04,0.7787467944097186,61694.0,63958.0,7499.5,14008.5,9.6
2015-06-05,0.5619493933645824,53487.0,56317.0,14093.4,17064.9,0.0
2015-06-06,0.40650109461458345,48110.0,52638.0,10074.8,14999.0,0.0
2015-06-07,0.3228375352430575,42450.0,41884.0,11970.9,13102.9,0.0
2015-06-08,0.3148036839375019,42167.0,46129.0,8320.2,11886.0,1.6
2015-06-09,0.4915219189548585,42733.0,43865.0,8829.6,11461.5,6.1999999999999975
2015-06-10,0.2529276552326392,103578.0,104710.0,13810.4,15904.6,0.0
2015-06-11,0.2411471937534725,72448.0,78391.0,16980.0,16923.4,4.2
2015-06-12,0.2968413460173597,57166.0,59713.0,9452.2,12536.9,0.0
2015-06-13,0.1815100936027872,55185.0,57732.0,10442.7,11857.7,0.1
2015-06-14,0.12191651661805575,52638.0,54619.0,9027.7,11376.6,0.0
2015-06-15,0.06492731074305567,34809.0,39054.0,7301.400000000002,10103.1,0.0
2015-06-16,0.003900755437500003,34243.0,34243.0,8008.900000000002,9254.1,0.0
2015-06-17,0.0,35941.0,38205.0,6876.900000000002,8546.6,0.0
2015-06-18,0.0,33394.0,36224.0,6056.2,7924.0,0.0
2015-06-19,0.0,30564.0,33111.0,5631.7,7159.900000000002,0.0
2015-06-20,0.0,31696.0,33394.0,8461.7,6848.6,2.6000000000000005
2015-06-21,0.0,52921.0,52921.0,6792.0,6678.8,0.0
2015-06-22,0.0,33677.0,38488.0,7103.3,6593.900000000002,3.6
2015-06-23,0.0,28583.0,30281.0,6197.7,6565.6,0.0
2015-06-24,0.0,26941.6,28583.0,5320.4000000000015,6565.6,0.0
2015-06-25,0.0,29715.0,30847.0,5716.6,6027.900000000002,0.0
2015-06-26,0.0,32545.0,35375.0,5320.4000000000015,5631.7,0.0
2015-06-27,0.0,29998.0,32262.0,4924.2,5801.5,2.6
2015-06-28,0.0,30564.0,32262.0,4952.5,6112.8,0.0
2015-06-29,0.0,31696.0,34526.0,6226.0,7301.400000000002,0.0
2015-06-30,0.0,28866.0,30564.0,5801.5,7131.6,0.8999999999999999
2015-07-01,0.0,27620.8,29432.0,4839.3,5971.3,0.1
2015-07-02,0.0,26941.6,28866.0,4584.6,5490.2,9.999999999999996
2015-07-03,0.0,26432.2,27818.9,4612.9000000000015,5150.6,2.4000000000000004
2015-07-04,0.0,25922.8,26998.2,4754.4000000000015,5065.7,0.0
2015-07-05,0.0,25385.1,25837.9,4924.2,5235.5,1.1
2015-07-06,0.0,26149.2,27281.2,4754.4000000000015,5263.8,0.0
2015-07-07,0.0,26828.4,27903.8,4499.7,4980.8,0.0
2015-07-08,0.0,20489.2,21423.1,4443.1,4867.6,0.0
2015-07-09,0.0,26828.4,28243.4,4188.4000000000015,4697.8,0.0
2015-07-10,0.0,24253.1,25356.8,3905.4,4131.8,0.0
2015-07-11,0.0,25894.5,27168.0,3735.6,3763.9,0.0
2015-07-12,0.0,25526.6,26885.0,3565.8,3424.3,0.0
2015-07-13,0.0,23460.7,25470.0,3452.6,3226.200000000001,12.8
2015-07-14,0.0,21875.9,22102.3,3650.7,3763.9,0.6
2015-07-15,0.0,23432.4,23687.1,3452.6,7612.7,0.0
2015-07-16,0.0,14970.7,17687.5,3396.0,6367.5,0.0
2015-07-17,0.0,22272.1,24055.0,3339.4,4528.0,0.0
2015-07-18,0.0,24649.3,27988.7,3169.6,3877.1,1.1
2015-07-19,0.0,23319.2,25187.0,3113.0,3905.4,0.0
2015-07-20,0.0,22611.7,24649.3,5263.8,6820.3,0.0
2015-07-21,0.0,22243.8,23064.5,5094.0,6027.900000000002,1.2999999999999998
2015-07-22,0.0,25837.9,26998.2,4499.7,5235.5,0.1
2015-07-23,0.0,24507.8,25215.3,3594.1,5235.5,0.30000000000000004
2015-07-24,0.0,25639.8,27394.4,3537.5,4641.2,0.0
2015-07-25,0.0,18564.8,20602.4,3339.4,3763.9,0.0
2015-07-26,0.0,19668.5,20093.0,3452.6,3311.1,0.0
2015-07-27,0.0,17432.8,16980.0,3169.6,3028.1,0.0
2015-07-28,0.0,16753.600000000002,17744.100000000002,3028.1,2813.0200000000004,0.1
2015-07-29,0.0,21847.6,22838.1,3169.6,3141.3,25.3
2015-07-30,0.0,24734.2,25441.7,5801.5,4075.2,3.9
2015-07-31,0.0,22187.2,22923.0,6622.2,4131.8,0.0
2015-08-01,0.0,24139.9,25696.4,4499.7,3990.3,0.0
2015-08-02,0.0,16951.7,18904.4,3537.5,3197.9,0.0
2015-08-03,0.0,21479.7,20659.0,3113.0,2713.9700000000007,0.0
2015-08-04,0.0,13867.0,17291.3,2830.0,2453.61,0.0
2015-08-05,0.0,13980.2,13414.2,2696.99,2365.88,3.3000000000000007
2015-08-06,0.0,18140.3,17913.9,2745.1,2796.04,43.50000000000002
2015-08-07,0.0,16300.8,17517.7,3254.5,4103.5,3.2
2015-08-08,0.0,19244.0,21026.9,6084.5,4443.1,0.0
2015-08-09,0.0,21026.9,20715.6,6735.400000000002,4528.0,1.1
2015-08-10,0.0,18791.2,19130.8,5546.8,4103.5,0.8
2015-08-11,0.0,19130.8,21111.8,6537.3,4131.8,18.100000000000012
2015-08-12,0.0,22809.8,22611.7,6056.2,4697.8,0.0
2015-08-13,0.0,23941.8,25158.7,5801.5,5518.5,0.0
2015-08-14,0.0,18366.7,19527.0,4811.0,4867.6,0.0
2015-08-15,0.0,17489.4,19272.3,3763.9,3990.3,0.0
2015-08-16,0.0,18366.7,17942.2,3311.1,3396.0,0.0
2015-08-17,0.0,28583.0,30281.0,3113.0,3424.3,3.1000000000000014
2015-08-18,0.0,13584.0,16414.0,3339.4,3141.3,1.5000000000000002
2015-08-19,0.0,18819.5,18366.7,3480.9,3254.5,0.30000000000000004
2015-08-20,0.0,22724.9,23743.7,4641.2,3877.1,0.2
2015-08-21,0.0,21026.9,22243.8,4386.5,3650.7,0.1
2015-08-22,0.0,21394.8,22300.4,3933.7,3424.3,0.2
2015-08-23,0.0,18847.8,20517.5,3367.700000000001,3113.0,0.1
2015-08-24,0.0,17404.5,19357.2,3254.5,3113.0,0.1
2015-08-25,0.0,14885.8,16187.6,5999.6,3509.200000000001,0.1
2015-08-26,0.0,22385.3,22753.2,4414.8,3396.0,0.1
2015-08-27,0.0,18564.8,19810.0,3509.200000000001,3028.1,0.0
2015-08-28,0.0,19668.5,20913.7,3056.4,2603.6,1.6
2015-08-29,0.0,15253.7,17376.2,2798.8700000000013,2303.620000000001,0.0
2015-08-30,0.0,13216.1,14376.4,2722.46,2286.64,10.699999999999998
2015-08-31,0.0,20970.3,22102.3,2725.29,2541.34,0.2
2015-09-01,0.0,15112.2,16668.7,2756.42,2654.54,0.0
2015-09-02,0.0,15310.3,15565.0,3113.0,2764.910000000001,0.0
2015-09-03,0.0,16980.0,18847.8,2827.17,2558.32,0.0
2015-09-04,0.0,11433.2,12819.9,2668.69,2343.24,24.100000000000023
2015-09-05,0.0,10952.1,13697.2,2648.88,2580.96,0.30000000000000004
2015-09-06,0.0,10838.9,10838.9,3452.6,3113.0,0.0
2015-09-07,0.0,9706.9,11093.6,5037.4000000000015,3594.1,5.8000000000000025
2015-09-08,0.0,10810.6,11518.1,3537.5,3028.1,0.1
2015-09-09,0.0,9593.7,10923.8,2858.3,2798.8700000000013,5.0
2015-09-10,0.0,12055.8,13499.1,4924.2,3226.200000000001,0.1
2015-09-11,0.0,16781.9,16640.4,14461.3,7867.400000000002,0.0
2015-09-12,0.0,26658.6,28583.0,6593.900000000002,6480.7,0.0
2015-09-13,0.0,26460.5,29998.0,4697.8,4980.8,0.0
2015-09-14,0.0,23234.3,26262.4,4046.9,4160.1,0.0
2015-09-15,0.0,21508.0,23800.3,3565.8,3594.1,0.0
2015-09-16,0.0,18338.4,20800.5,3282.8,3367.700000000001,0.0
2015-09-17,0.0,15763.1,19753.4,3056.4,3141.3,0.0
2015-09-18,0.0,10216.3,10754.0,2971.5,2971.5,0.0
2015-09-19,0.0,10584.2,12225.6,2858.3,2815.85,0.0
2015-09-20,0.0,10754.0,13272.7,2764.910000000001,2663.03,0.0
2015-09-21,0.0,10980.4,13414.2,2637.56,2578.13,0.0
2015-09-22,0.0,11461.5,12310.5,2606.43,2504.55,0.0
2015-09-23,0.0,9225.8,11999.2,2541.34,2258.34,0.0
2015-09-24,0.0,12791.6,12055.8,2566.81,2450.78,25.900000000000034
2015-09-25,0.0,13782.1,17461.100000000002,2971.5,3509.200000000001,16.599999999999984
2015-09-26,0.0,26856.7,29998.0,3707.3,5263.8,8.699999999999987
2015-09-27,0.0,105842.0,110936.0,8688.1,12508.6,5.300000000000002
2015-09-28,0.0,75278.0,85749.0,7782.5,12763.3,4.5
2015-09-29,0.0,97069.0,105276.0,6452.400000000002,10640.8,13.999999999999993
2015-09-30,0.0,82919.0,94805.0,5801.5,9650.3,0.1
2015-10-01,0.0,81504.0,87730.0,5433.6,8773.0,0.1086805555555556
2015-10-02,0.6596347892013885,109521.0,120558.0,5999.6,13244.4,0.1055749128919862
2015-10-03,6.855695785135407,240550.0,275076.0,21366.5,35658.0,0.2451388888888891
2015-10-04,54.32243872782979,432990.0,529210.0,138670.0,146028.0,0.3006944444444444
2015-10-05,3.5435849297708217,336770.0,399030.0,283000.0,237720.0,0.03194444444444442
2015-10-06,1.6820156252291665,162442.0,191591.0,213665.0,177724.0,0.00034722222222222224
2015-10-07,0.3910306102465291,100465.0,111785.0,55751.0,61411.0,0.00034722222222222224
2015-10-08,0.16628523354861158,60562.0,65373.0,31130.0,32545.0,0.0
2015-10-09,0.08963725541666677,50091.0,52921.0,23941.8,24507.8,0.0
2015-10-10,2.3957740262013902,65090.0,70184.0,24111.6,28866.0,0.09270833333333338
2015-10-11,1.5830082277708326,108106.0,116313.0,42167.0,64524.0,0.0
2015-10-12,0.4780891786215272,84051.0,93107.0,32545.0,54053.0,0.0006944444444444446
2015-10-13,0.2889394795312488,56600.0,66222.0,20404.3,33394.0,0.010763888888888887
2015-10-14,0.1330459887604166,48110.0,48959.0,16810.2,22555.1,0.0
2015-10-15,0.0728006375590275,59430.0,64524.0,14574.5,18621.4,0.0
2015-10-16,0.04052703839236126,39620.0,45563.0,12735.0,15536.7,0.0
2015-10-17,0.016168600961805654,50374.0,52638.0,11603.0,13668.9,0.0
2015-10-18,0.006789660315972185,37639.0,44148.0,10810.6,12282.2,0.0
2015-10-19,0.0030507639791666546,31696.0,35375.0,10216.3,11376.6,0.0
2015-10-20,0.0017565561840277774,41035.0,45280.0,9735.2,10867.2,0.0
2015-10-21,0.0001455623784722222,30281.0,33677.0,9480.5,10471.0,0.0
2015-10-22,0.0002332722500000005,50940.0,52638.0,9339.0,10131.4,0.0
2015-10-23,0.0005208516909722215,30564.0,36507.0,9056.0,9678.6,0.00034722222222222224
2015-10-24,0.001572360881944444,28583.0,31979.0,8857.9,9367.3,0.0
2015-10-25,0.008227384274305541,41035.0,42733.0,8688.1,9112.6,0.0
2015-10-26,0.009857671743055522,36224.0,43016.0,8546.6,8942.800000000001,0.02743055555555556
2015-10-27,0.8379894146840278,28866.0,33960.0,9197.5,10018.2,0.1531250000000001
2015-10-28,2.2750117978472164,85749.0,89428.0,19810.0,28300.0,0.010069444444444449
2015-10-29,1.1351476708888877,176592.0,194138.0,29432.0,46978.0,0.00034722222222222224
2015-10-30,0.5042999336562489,153386.0,174611.0,19923.2,34809.0,0.0
2015-10-31,0.21538623584722288,118011.0,129614.0,14263.2,23885.2,0.00034722222222222224
2015-11-01,2.2676522888090296,76410.0,84334.0,14970.7,22045.7,0.1135416666666668
2015-11-02,51.56788893766671,308470.0,350920.0,89145.0,137821.0,0.2874999999999993
2015-11-03,6.552815242222215,645240.0,732970.0,185648.0,262341.0,0.010069444444444449
2015-11-04,2.7965310217465227,449970.0,503740.0,207439.0,248757.0,0.001736111111111111
2015-11-05,1.3559411653784719,208854.0,244795.0,95654.0,140368.0,0.0006944444444444446
2015-11-06,1.0100188320347256,148858.0,165555.0,35941.0,56883.0,0.009375
2015-11-07,1.9768701759236087,146311.0,158197.0,31979.0,47827.0,0.040625
2015-11-08,1.5263963806006986,172913.0,200930.0,71882.0,83202.0,0.03402777777777774
2015-11-09,8.50115331352002,250172.0,283000.0,66505.0,108389.0,0.12256944444444465
2015-11-10,2.8603397362888123,636750.0,693350.0,117445.0,180837.0,0.01944444444444444
2015-11-11,1.5592563355798603,393370.0,449970.0,105276.0,162725.0,0.0
2015-11-12,1.0307974112291645,201496.0,235173.0,39337.0,77259.0,0.0
2015-11-13,0.6235829461562492,146028.0,162725.0,27592.5,46978.0,0.00034722222222222224
2015-11-14,0.3907466898506943,122256.0,132161.0,22328.7,36224.0,0.0
2015-11-15,0.300065344062502,106125.0,114615.0,18904.4,30281.0,0.0
2015-11-16,0.2463688429062484,90560.0,98767.0,17008.3,26771.8,0.0
2015-11-17,0.23133094383680386,81787.0,88296.0,15791.4,24592.7,0.0
2015-11-18,0.2296816553055555,88013.0,92824.0,14857.5,22951.3,0.0753472222222222
2015-11-19,6.393640495815967,234324.0,255266.0,46412.0,70467.0,0.04027777777777775
2015-11-20,1.9174977442534769,458460.0,509400.0,99616.0,106974.0,0.0
2015-11-21,0.4250833128888899,229230.0,269982.0,61977.0,98484.0,0.001736111111111111
2015-11-22,0.17740083244097246,163008.0,186780.0,28101.9,52921.0,0.0
2015-11-23,0.0945983960277778,135557.0,151971.0,22215.5,38771.0,0.0
2015-11-24,0.023069988006944427,113766.0,124803.0,18791.2,32262.0,0.0
2015-11-25,0.0,101880.0,110936.0,16640.4,28300.0,0.0
2015-11-26,0.0,94522.0,102163.0,15225.4,25611.5,0.0
2015-11-27,0.0,95654.0,103012.0,14291.5,23772.0,0.0
2015-11-28,0.0,86881.0,94522.0,13584.0,22696.6,0.00034722222222222224
2015-11-29,0.0,82070.0,88296.0,13131.2,22017.4,0.013541666666666669
2015-11-30,0.0,95937.0,99616.0,12876.5,22470.2,0.003125
2015-12-01,0.0,228098.0,248191.0,16781.9,31696.0,0.0013888888888888892
2015-12-02,0.0,220174.0,253285.0,16697.0,33111.0,0.012152777777777785
2015-12-03,0.0,359410.0,387710.0,19017.6,33111.0,0.0
2015-12-04,0.0,228098.0,266586.0,20743.9,38771.0,0.0
2015-12-05,0.0,169800.0,194138.0,15197.1,33677.0,0.00034722222222222224
2015-12-06,0.0,134425.0,149707.0,13499.1,28583.0,0.0
2015-12-07,0.0,123388.0,133293.0,12706.7,25837.9,0.0
2015-12-08,0.0021839809166666665,113483.0,122822.0,12140.7,24083.3,0.0006993006993006992
2015-12-09,0.010596215715277779,111785.0,119426.0,11659.6,22724.9,0.0
2015-12-10,0.014994809493055547,104427.0,112351.0,11235.1,21677.8,0.0
2015-12-11,0.020582254680555627,98484.0,105276.0,11008.7,20942.0,0.0
2015-12-12,0.02949869773611115,87730.0,93673.0,10669.1,20376.0,0.0
2015-12-13,0.027093031277777745,79523.0,85183.0,10442.7,19753.4,0.0
2015-12-14,0.0382695115694446,74995.0,79523.0,10357.8,19781.7,0.013888888888888892
2015-12-15,0.0208676645173612,98201.0,101880.0,11461.5,21508.0,0.0
2015-12-16,0.025088011093749984,101314.0,108389.0,13980.2,23658.8,0.0027777777777777783
2015-12-17,8.287537808156259,121407.0,127350.0,19045.9,33677.0,0.1631944444444445
2015-12-18,2.326618452802085,242248.0,275642.0,67071.0,89145.0,0.00034722222222222224
2015-12-19,0.8620994097638913,168951.0,196402.0,53204.0,84900.0,0.0
2015-12-20,0.4439425478229156,136972.0,152820.0,23573.9,45280.0,0.0006944444444444446
2015-12-21,0.3573879764444438,113766.0,123954.0,18819.5,34809.0,0.0
2015-12-22,62.32337230250693,254983.0,308470.0,77825.0,126218.0,0.21562500000000004
2015-12-23,39.068990382847254,328280.0,401860.0,111502.0,159046.0,0.184027777777778
2015-12-24,14.994455581399318,693350.0,755610.0,154518.0,247059.0,0.02986111111111108
2015-12-25,4.017550494458344,713160.0,744290.0,181969.0,236588.0,0.003125
2015-12-26,2.1601919699444347,520720.0,566000.0,147726.0,189327.0,0.0
2015-12-27,1.5627746682326369,283000.0,331110.0,56034.0,104710.0,0.0013888888888888892
2015-12-28,1.236629209475692,212816.0,250172.0,37073.0,67920.0,0.002430555555555556
2015-12-29,8.310531911924256,339600.0,353750.0,50374.0,83202.0,0.09861111111111116
2015-12-30,18.3413946784618,899940.0,928240.0,101031.0,140934.0,0.1250000000000001
2015-12-31,8.91088931756248,1194260.0,1270670.0,159046.0,244229.0,0.019097222222222213
2016-01-01,3.6074865879895888,670710.0,749950.0,206024.0,267718.0,0.0
2016-01-02,1.7875790282777797,278189.0,319790.0,83202.0,136123.0,0.0
2016-01-03,1.1479311437222224,216778.0,249606.0,40186.0,68769.0,0.0
2016-01-04,0.7364079662152747,185931.0,213665.0,32262.0,53487.0,0.0
2016-01-05,0.42460767639583263,153386.0,175460.0,27535.9,44431.0,0.0
2016-01-06,0.309490908086808,152820.0,173479.0,24224.8,39054.0,0.0
2016-01-07,0.2605322045277765,150839.0,168385.0,22555.1,36224.0,0.0
2016-01-08,0.2348388980069432,134425.0,151122.0,21366.5,34809.0,0.006250000000000002
2016-01-09,0.21143770873263834,132727.0,147160.0,20828.8,33111.0,0.010069444444444449
2016-01-10,0.22280508202083224,131029.0,145462.0,20885.4,33677.0,0.006944444444444446
2016-01-11,0.1466313441631948,142066.0,158763.0,24196.5,37073.0,0.0
2016-01-12,0.13260313482291644,133576.0,149707.0,21026.9,33677.0,0.0
2016-01-13,0.11377448804513872,124237.0,137255.0,18734.6,30564.0,0.0
2016-01-14,0.1074517047222221,114049.0,124520.0,17772.4,28583.0,0.0
2016-01-15,1.9339206486875,131029.0,143198.0,19810.0,32828.0,0.1145833333333334
2016-01-16,1.768165665065974,390540.0,410350.0,56317.0,86598.0,0.00034722222222222224
2016-01-17,0.9466356600659744,322620.0,365070.0,59713.0,96220.0,0.004861111111111111
2016-01-18,0.6466137635208326,200647.0,229796.0,30847.0,59713.0,0.0
2016-01-19,0.4506194498784716,156782.0,176309.0,24451.2,44148.0,0.0
2016-01-20,0.3825364660486097,143198.0,157348.0,21508.0,37639.0,0.00034722222222222224
2016-01-21,0.3631467983937278,146877.0,161593.0,20149.6,34243.0,0.004513888888888889
2016-01-22,2.1311421354548625,154801.0,174328.0,25441.7,45280.0,0.07569444444444452
2016-01-23,1.66130938302778,162725.0,189327.0,56600.0,74712.0,0.018402777777777768
2016-01-24,1.20244386688194,149424.0,168102.0,39903.0,61128.0,0.006250000000000001
2016-01-25,0.9244338905798636,141217.0,158480.0,28158.5,45563.0,0.0
2016-01-26,0.7678210238506934,138670.0,153669.0,24394.6,39620.0,0.0
2016-01-27,0.689810825440968,121973.0,134425.0,22753.2,37073.0,0.0
2016-01-28,0.587886058840281,131595.0,144330.0,21592.9,35375.0,0.00034722222222222224
2016-01-29,0.4942357269791657,138104.0,153952.0,20630.7,33960.0,0.0
2016-01-30,0.4225184901840271,131312.0,146311.0,19357.2,32262.0,0.0
2016-01-31,0.38601313446874896,125086.0,136972.0,18395.0,30847.0,0.0
2016-02-01,0.35608684002777696,116313.0,127633.0,17715.8,29432.0,0.0
2016-02-02,0.3541221733819431,112634.0,121690.0,17149.8,28583.0,0.00451388888888889
2016-02-03,1.96236560321528,133293.0,146877.0,19668.5,33677.0,0.08194444444444454
2016-02-04,1.9012175285486117,410350.0,416010.0,61411.0,74429.0,0.0
2016-02-05,0.9484642283125024,356580.0,407520.0,55751.0,72165.0,0.00034722222222222224
2016-02-06,0.7422057033263875,200081.0,233192.0,27535.9,44714.0,0.0
2016-02-07,0.6373833076041648,169234.0,193572.0,23064.5,37356.0,0.0
2016-02-08,0.5399748885590262,153386.0,172064.0,20885.4,33960.0,0.0006944444444444446
2016-02-09,0.4485465456111118,139802.0,156782.0,19442.1,31696.0,0.0
2016-02-10,0.3781027327083319,133010.0,148009.0,18112.0,29715.0,0.0
2016-02-11,0.3420707345208327,136123.0,151122.0,17064.9,27932.1,0.0
2016-02-12,0.3117853344479172,123105.0,136123.0,16329.1,26856.7,0.0
2016-02-13,0.27112249118402704,123388.0,135274.0,15876.3,26149.2,0.0
2016-02-14,0.2270784327708321,108106.0,121124.0,15451.8,25668.1,0.0
2016-02-15,0.2179198540555544,97069.0,106408.0,14942.4,24847.4,0.00034722222222222224
2016-02-16,0.3532791957152799,120275.0,131878.0,15706.5,26234.1,0.03263888888888886
2016-02-17,0.26995993202430474,133859.0,148858.0,20659.0,31130.0,0.0010416666666666669
2016-02-18,0.2262586805173602,127916.0,144330.0,17602.600000000002,29149.0,0.001736111111111111
2016-02-19,0.20006466236236828,117162.0,129614.0,15565.0,26290.7,0.0
2016-02-20,0.2308151962083328,114615.0,126784.0,14885.8,25102.1,0.0
2016-02-21,0.2474376171909711,107540.0,118860.0,14716.0,24734.2,0.00034722222222222224
2016-02-22,0.3551851880798612,110653.0,121124.0,14744.3,24705.9,0.07291666666666669
2016-02-23,1.1548993657048554,215080.0,234890.0,21734.4,38771.0,0.02951388888888888
2016-02-24,1.7398445528298607,285830.0,325450.0,59713.0,71316.0,0.015972222222222228
2016-02-25,1.2870108860627143,325450.0,365070.0,53204.0,84617.0,0.0
2016-02-26,0.9644106769722212,232343.0,274510.0,33960.0,70750.0,0.0
2016-02-27,0.7892096531666665,174328.0,203477.0,24281.4,46129.0,0.0
2016-02-28,0.7123045274722203,152537.0,173762.0,20857.1,37639.0,0.0
2016-02-29,0.6564893968645785,143481.0,162159.0,19130.8,33394.0,0.0
2016-03-01,0.6181793151076389,134425.0,151405.0,17942.2,30564.0,0.023263888888888886
2016-03-02,0.7190973483611068,131029.0,146028.0,17829.0,29998.0,0.0013888888888888892
2016-03-03,0.62972958840625,130746.0,147160.0,17178.100000000002,28271.7,0.011111111111111115
2016-03-04,0.6651472811874979,116313.0,129897.0,16668.7,27535.9,0.00034722222222222224
2016-03-05,0.5648022566215314,116313.0,129048.0,16414.0,26715.2,0.0
2016-03-06,0.5620930769270864,110370.0,122256.0,15565.0,25498.3,0.0
2016-03-07,0.5090399126527769,110936.0,121973.0,14999.0,24451.2,0.0
2016-03-08,0.5086892378437491,84334.0,93673.0,14659.4,23743.7,0.0
2016-03-09,0.4934842384930531,118577.0,129331.0,14517.9,23206.0,0.0
2016-03-10,0.4392030258888899,107540.0,118577.0,14234.9,22724.9,0.0
2016-03-11,0.3984013935208319,99050.0,108389.0,13923.6,22357.0,0.0
2016-03-12,0.4037846139999992,103578.0,112917.0,13725.5,22130.6,0.0
2016-03-13,0.4246372261284732,100182.0,110370.0,13612.3,22243.8,0.009375
2016-03-14,0.4468202613749995,102163.0,110936.0,15395.2,23800.3,0.01805555555555556
2016-03-15,0.4744736500902767,131029.0,146594.0,17319.600000000002,34243.0,0.0
2016-03-16,0.3623792336215269,116879.0,132161.0,23149.4,49242.0,0.0
2016-03-17,0.299704546024308,91975.0,100748.0,16640.4,32545.0,0.0
2016-03-18,0.2834679843923621,112068.0,124237.0,14687.7,26347.3,0.0
2016-03-19,0.28113451981250104,93390.0,104144.0,13867.0,23941.8,0.0
2016-03-20,0.26098811847916736,93107.0,102163.0,13385.9,22809.8,0.00763888888888889
2016-03-21,0.22458256032986024,94805.0,104427.0,13187.8,22158.9,0.00034722222222222224
2016-03-22,0.19366742385416705,79806.0,90277.0,12904.8,21564.6,0.0
2016-03-23,0.1968734963240421,82353.0,88013.0,12565.2,20659.0,0.0
2016-03-24,0.2293505139791659,95371.0,103861.0,12338.8,19894.9,0.0
2016-03-25,0.23972357808333225,95371.0,104710.0,12310.5,19781.7,0.0
2016-03-26,0.24198848324652664,104427.0,114332.0,12282.2,19583.6,0.004513888888888889
2016-03-27,0.3794614304201382,90560.0,101880.0,13074.6,21508.0,0.0489583333333333
2016-03-28,0.5480277169687476,130746.0,149990.0,16159.3,33960.0,0.0006944444444444446
2016-03-29,0.4991176315347208,113200.0,128199.0,16555.5,28583.0,0.0
2016-03-30,0.424769437423612,81504.0,95088.0,13640.6,23517.3,0.0
2016-03-31,0.5943802321979164,67354.0,72165.0,12565.2,21649.5,0.0
2016-04-01,0.6230158736979191,109521.0,117162.0,12989.7,22526.8,0.03749999999999995
2016-04-02,0.4945568452916641,116313.0,127067.0,16697.0,25724.7,0.0013888888888888892
2016-04-03,0.42580073029166576,101031.0,114049.0,15282.0,24366.3,0.0
2016-04-04,0.4442836386631948,88862.0,98201.0,12848.2,21423.1,0.0
2016-04-05,0.5265642644930558,84334.0,92824.0,12055.8,20064.7,0.0
2016-04-06,0.5002217786493035,69335.0,77542.0,11574.7,19130.8,0.0
2016-04-07,0.5044272000798603,95654.0,101880.0,11744.5,19244.0,0.030208333333333327
2016-04-08,0.4691863854409704,112917.0,122822.0,15338.6,22724.9,0.0
2016-04-09,0.4001744804479148,97352.0,106974.0,13895.3,21338.2,0.0
2016-04-10,0.4542609773472222,85183.0,93956.0,11970.9,19244.0,0.0
2016-04-11,0.4575199731597208,80089.0,87730.0,11433.2,18027.1,0.005208333333333333
2016-04-12,0.4952978784131943,85183.0,92824.0,11404.9,18027.1,0.006944444444444446
2016-04-13,0.38066712592708224,94239.0,101880.0,11942.6,19781.7,0.00034722222222222224
2016-04-14,0.3130513607048618,86315.0,95654.0,11461.5,19357.2,0.0
2016-04-15,0.2870664147291669,78391.0,86032.0,10754.0,17800.7,0.0
2016-04-16,0.3193271894201385,83768.0,92258.0,10414.4,16923.4,0.0
2016-04-17,0.2905543214618056,66222.0,76693.0,10188.0,16385.7,0.0
2016-04-18,0.3367367727743039,63392.0,67071.0,10159.7,16046.1,0.0
2016-04-19,0.34178146003472265,72165.0,78108.0,9933.3,15848.0,0.0
2016-04-20,0.12860053788194448,75561.0,82353.0,9933.3,15565.0,0.0
2016-04-21,0.10575927589583327,77542.0,84051.0,9650.3,15168.8,0.0
2016-04-22,0.1084785975451387,81787.0,89145.0,9423.9,14829.2,0.003125
2016-04-23,0.10420231171527766,81787.0,89994.0,9622.0,15451.8,0.0
2016-04-24,0.1122689020104168,77825.0,82919.0,11574.7,16668.7,0.0
2016-04-25,0.11197518085069436,72165.0,80372.0,10018.2,15621.6,0.0
2016-04-26,0.11596102422916628,70184.0,75561.0,9310.7,14687.7,0.0
2016-04-27,0.10829602423611116,61411.0,66788.0,9140.9,14036.8,0.0
2016-04-28,0.11082272849652752,73863.0,78391.0,8942.800000000001,13555.7,0.00034722222222222224
2016-04-29,0.11264002731249988,70467.0,75844.0,8631.5,13102.9,0.0
2016-04-30,0.11201562731249999,68203.0,73014.0,8348.5,12593.5,0.0027777777777777783
2016-05-01,2.2131022094285764,106125.0,116596.0,10103.1,31696.0,0.2572916666666667
2016-05-02,3.427443861180555,172913.0,202628.0,41035.0,65373.0,0.01805555555555556
2016-05-03,3.238613612461798,150273.0,179988.0,30281.0,66222.0,0.03645833333333332
2016-05-04,1.2399914366111142,118860.0,132727.0,19130.8,42733.0,0.0
2016-05-05,0.7712540956388853,106691.0,116879.0,13782.1,26630.3,0.002430555555555556
2016-05-06,0.5643385039201374,88296.0,96786.0,11574.7,21168.4,0.004861111111111111
2016-05-07,0.4505071371284731,79806.0,84334.0,10442.7,18055.4,0.0
2016-05-08,0.38287726353819296,83768.0,88579.0,9735.2,16046.1,0.0
2016-05-09,0.3246602078784735,60562.0,69335.0,9169.2,14631.1,0.0
2016-05-10,0.3203029909444431,69901.0,72448.0,8659.800000000001,13442.5,0.0
2016-05-11,0.3444476501493063,58864.0,62826.0,8405.1,12819.9,0.0
2016-05-12,0.4085750770729157,63675.0,68203.0,8433.4,12565.2,0.003125
2016-05-13,0.3279959548958327,52355.0,56317.0,8603.2,13074.6,0.001736111111111111
2016-05-14,0.18280370307638905,73297.0,77259.0,8659.800000000001,12621.8,0.0
2016-05-15,0.15631053685763846,67637.0,75561.0,8008.900000000002,11716.2,0.0
2016-05-16,0.15657563998958274,51789.0,55468.0,7612.7,11093.6,0.0
2016-05-17,0.21971583972222172,43016.0,46695.0,7414.6,10810.6,0.015972222222222214
2016-05-18,0.18019455887847266,81787.0,82636.0,7584.400000000002,10895.5,0.022916666666666658
2016-05-19,1.5826939529687474,93673.0,101597.0,11744.5,15819.7,0.15034722222222235
2016-05-20,1.3377085703263834,96220.0,104144.0,48110.0,33677.0,0.0204861111111111
2016-05-21,1.0697223794895794,96786.0,100182.0,23941.8,28583.0,0.0010416666666666669
2016-05-22,0.4614007784444432,109804.0,122256.0,24705.9,32262.0,0.0
2016-05-23,0.3729926847569439,82919.0,91975.0,15310.3,22696.6,0.0
2016-05-24,0.3311464202118061,66505.0,70184.0,12140.7,18423.3,0.0
2016-05-25,0.2743798999687505,80372.0,85466.0,10754.0,16074.4,0.0
2016-05-26,0.25049894739583256,64807.0,69052.0,9848.4,14319.8,0.0
2016-05-27,0.25379414549305457,65373.0,69052.0,9225.8,12961.4,0.0
2016-05-28,0.2193437103437489,67071.0,70750.0,8688.1,11857.7,0.0
2016-05-29,0.3782344797673628,58015.0,62826.0,8631.5,11999.2,0.0
2016-05-30,0.2459344630590269,47261.0,52355.0,8971.1,12395.4,0.0
2016-05-31,0.2729376571319451,60562.0,61977.0,8574.9,11942.6,0.0
2016-06-01,0.2246002750451383,64807.0,68203.0,9706.9,11263.4,0.0
2016-06-02,0.21179473052777734,68486.0,71882.0,9678.6,12961.4,0.0
2016-06-03,0.2100370340868053,71033.0,75278.0,9339.0,16442.3,0.0
2016-06-04,0.20974600082638845,68769.0,72731.0,8376.800000000001,13329.3,0.0
2016-06-05,0.2315379464965263,41884.0,48393.0,7895.7,11772.8,0.0
2016-06-06,0.3403998593506929,58298.0,58864.0,8376.800000000001,13810.4,0.0
2016-06-07,0.2876020365555553,63109.0,67071.0,10386.1,12706.7,0.0
2016-06-08,0.2561431022013882,57166.0,61411.0,8999.4,11687.9,0.0
2016-06-09,0.20664985728819385,49808.0,54902.0,7839.1,10923.8,0.0
2016-06-10,0.1377667652717772,44148.0,47261.0,7046.7,9933.3,0.001736111111111111
2016-06-11,0.17067174986805514,57449.0,58581.0,6735.400000000002,9310.7,0.0
2016-06-12,0.19813351362847167,50374.0,56034.0,6565.6,8773.0,0.0
2016-06-13,0.24277922620833264,31979.0,34809.0,6282.6,8093.8,0.0
2016-06-14,0.2186524692916664,39337.0,41601.0,6056.2,7810.8,0.0059027777777777785
2016-06-15,0.2205940100277784,42733.0,42167.0,5971.3,7584.400000000002,0.0
2016-06-16,0.20547922313888808,56034.0,62826.0,6027.900000000002,8320.2,0.00034722222222222224
2016-06-17,0.1437283812604168,44997.0,47544.0,6565.6,9650.3,0.02118055555555556
2016-06-18,0.12662661904861106,66788.0,68769.0,5829.8,9084.3,0.0
2016-06-19,0.10908030701736096,44714.0,50374.0,5320.4000000000015,7952.3,0.0
2016-06-20,0.04142992474652794,46129.0,46695.0,5009.1,7244.8,0.0
2016-06-21,0.006732045916666641,36224.0,42167.0,4924.2,6707.1,0.0
2016-06-22,0.0,26828.4,29149.0,4811.0,6339.2,0.0
2016-06-23,0.0,34526.0,35375.0,4754.4000000000015,6056.2,0.0
2016-06-24,0.0,35092.0,38488.0,4697.8,5801.5,0.0
2016-06-25,0.0,33394.0,35941.0,4499.7,5603.400000000002,0.0
2016-06-26,0.0,32545.0,35375.0,4301.6,5405.3,0.0
2016-06-27,0.0,32545.0,35092.0,4188.4000000000015,5207.2,0.07291666666666669
2016-06-28,0.0,33111.0,35941.0,6452.400000000002,8150.400000000002,0.00902777777777778
2016-06-29,0.0,34526.0,37073.0,15876.3,8037.2,0.005555555555555557
2016-06-30,0.06516323706597221,46978.0,49242.0,8914.5,6792.0,0.0
2016-07-01,0.13731401598263968,33960.0,38205.0,6735.400000000002,7329.7,0.0006944444444444446
2016-07-02,0.05107372043750018,37922.0,39620.0,5744.900000000002,6367.5,0.0
2016-07-03,0.006232712080139348,40469.0,43582.0,5235.5,5801.5,0.0
2016-07-04,0.0,44148.0,47827.0,4867.6,5292.1,0.0
2016-07-05,0.0,41601.0,39903.0,4612.9000000000015,4895.9000000000015,0.0
2016-07-06,0.0,55185.0,60845.0,4301.6,4612.9000000000015,0.002430555555555556
2016-07-07,0.0,35941.0,36507.0,4216.7,5320.4000000000015,0.002777777777777777
2016-07-08,0.0,62826.0,65373.0,4584.6,5094.0,0.0010416666666666669
2016-07-09,0.0,49525.0,56034.0,4867.6,5292.1,0.0
2016-07-10,0.0,27479.3,28300.0,4245.0,4782.7,0.0
2016-07-11,0.0,25271.9,26149.2,4160.1,4528.0,0.025694444444444447
2016-07-12,0.0,33677.0,36507.0,4075.2,4726.1,0.0
2016-07-13,0.0,44148.0,46412.0,5716.6,4726.1,0.0
2016-07-14,0.0,58015.0,59996.0,5999.6,8150.400000000002,0.0
2016-07-15,0.0,39620.0,44431.0,4782.7,8688.1,0.040277777777777767
2016-07-16,0.0,29432.0,31696.0,4329.9000000000015,7924.0,0.03888888888888889
2016-07-17,0.10792054238888886,68486.0,68486.0,4103.5,7244.8,0.04444444444444443
2016-07-18,0.2114865843576384,49808.0,57449.0,4556.3,12197.3,0.0006944444444444446
2016-07-19,0.1523744875312501,60562.0,61411.0,4641.2,8999.4,0.0
2016-07-20,0.0491083599791668,48393.0,52638.0,6452.400000000002,10612.5,0.012152777777777778
2016-07-21,0.20024118690277706,31413.0,35375.0,5094.0,7329.7,0.0006944444444444446
2016-07-22,0.1932252119166665,41318.0,42450.0,4216.7,6056.2,0.0
2016-07-23,0.8539218557187505,43865.0,46695.0,4245.0,6792.0,0.04687499999999999
2016-07-24,0.4149704382743047,32828.0,35941.0,5207.2,9706.9,0.0
2016-07-25,0.2410635873298597,37639.0,37639.0,4754.4000000000015,6905.2,0.0
2016-07-26,0.20841638418402653,40469.0,45280.0,3763.9,5348.7,0.0
2016-07-27,0.14361423955208347,29998.0,33111.0,3480.9,5094.0,0.0
2016-07-28,0.02722599789236114,22838.1,23800.3,3622.4,5037.4000000000015,0.0
2016-07-29,0.0,24649.3,25498.3,3622.4,4528.0,0.00034722222222222224
2016-07-30,0.3713444875416666,24451.2,25498.3,3282.8,4301.6,0.07569444444444445
2016-07-31,0.4981339101493042,30847.0,31130.0,3848.8,5461.9000000000015,0.00034722222222222224
2016-08-01,0.1474952224583338,30847.0,34243.0,4867.6,5886.400000000002,0.0013888888888888892
2016-08-02,0.18061973208680587,32545.0,34809.0,4839.3,6452.400000000002,0.0006944444444444446
2016-08-03,0.1400615365312503,33394.0,35941.0,5094.0,5773.2,0.0
2016-08-04,0.1490751127430553,35941.0,39054.0,6452.400000000002,5603.400000000002,0.03194444444444443
2016-08-05,0.26558353195486184,90277.0,88862.0,9905.0,6565.6,0.0
2016-08-06,0.07552901335416691,107257.0,116313.0,6876.900000000002,9735.2,0.0
2016-08-07,0.0,89994.0,97352.0,5178.9000000000015,8122.1,0.0989583333333334
2016-08-08,0.0,81221.0,83768.0,8659.800000000001,12423.7,0.00034722222222222224
2016-08-09,0.0,81221.0,86598.0,16498.9,17036.600000000002,0.0010416666666666669
2016-08-10,0.0,75278.0,80089.0,17149.8,21677.8,0.034375
2016-08-11,0.053664596340277794,59430.0,64807.0,14772.6,20291.1,0.0125
2016-08-12,0.20725900110069387,69618.0,70750.0,10555.9,18281.8,0.0
2016-08-13,0.15420292712847242,75278.0,82636.0,8008.900000000002,15168.8,0.0
2016-08-14,0.011137910048611116,52355.0,55185.0,6537.3,11744.5,0.0
2016-08-15,0.0,51223.0,54336.0,6056.2,10046.5,0.0
2016-08-16,0.0,38771.0,43016.0,5348.7,8857.9,0.0
2016-08-17,0.0,35092.0,37356.0,4924.2,7612.7,0.0
2016-08-18,0.0,37073.0,40469.0,4697.8,7075.0,0.009375
2016-08-19,0.0,38488.0,41884.0,5037.4000000000015,7244.8,0.00034722222222222224
2016-08-20,0.0,36224.0,39620.0,6226.0,6905.2,0.0059027777777777785
2016-08-21,0.0,33394.0,37073.0,7075.0,6905.2,0.013194444444444446
2016-08-22,0.0,32262.0,34809.0,6226.0,7754.2,0.00034722222222222224
2016-08-23,0.0,31130.0,33677.0,5716.6,8942.800000000001,0.0
2016-08-24,0.0,32828.0,35375.0,4980.8,8207.0,0.0
2016-08-25,0.0,35658.0,39054.0,4556.3,7046.7,0.0
2016-08-26,0.0,35658.0,38771.0,4556.3,6254.3,0.03680555555555555
2016-08-27,0.0,34809.0,37922.0,4782.7,5886.400000000002,0.00034722222222222224
2016-08-28,0.0,34243.0,37356.0,4273.3,5490.2,0.0
2016-08-29,0.0,29715.0,32262.0,4103.5,5122.3,0.00034722222222222224
2016-08-30,0.0,27479.3,29432.0,3933.7,5009.1,0.0
2016-08-31,0.0,23064.5,24394.6,3763.9,4839.3,0.0
2016-09-01,0.0,22979.6,24168.2,3622.4,4612.9000000000015,0.052777777777777764
2016-09-02,0.0,24196.5,26149.2,4188.4000000000015,5433.6,0.10104166666666664
2016-09-03,0.0,31130.0,32262.0,4811.0,7527.8,0.0
2016-09-04,0.0,32828.0,36790.0,4528.0,7386.3,0.0
2016-09-05,6.590014482758619e-05,28300.0,31696.0,3848.8,5660.0,0.0
2016-09-06,0.0016532426979166644,21508.0,22555.1,3594.1,4839.3,0.0
2016-09-07,0.0013306087534722185,23602.2,24904.0,3480.9,4414.8,0.0
2016-09-08,0.001012288434027778,22045.7,23007.9,3339.4,4075.2,0.0
2016-09-09,4.29609722222221e-05,27083.1,28583.0,3141.3,3792.2,0.0
2016-09-10,0.0,26064.3,27903.8,3028.1,3537.5,0.0
2016-09-11,0.0,22441.9,23856.9,2971.5,3367.700000000001,0.0
2016-09-12,0.0,19413.8,20404.3,2914.9,3226.200000000001,0.0006944444444444446
2016-09-13,0.0,16385.7,17998.8,2858.3,3537.5,0.0
2016-09-14,0.0,17885.600000000002,19244.0,2827.17,3084.700000000001,0.0
2016-09-15,0.0,21225.0,20998.6,2733.78,2971.5,0.0
2016-09-16,0.0,20800.5,22809.8,2648.88,2813.0200000000004,0.0
2016-09-17,0.0,25781.3,25328.5,2572.4700000000007,2702.65,0.0
2016-09-18,0.0,26630.3,29149.0,2527.19,2665.86,0.0
2016-09-19,0.0,24932.3,26092.6,2566.81,2943.200000000001,0.06736111111111114
2016-09-20,0.0,22866.4,24026.7,2674.35,3820.5,0.00034722222222222224
2016-09-21,0.0,20064.7,21168.4,2552.6600000000008,2943.200000000001,0.0
2016-09-22,0.0,19498.7,20121.3,2535.68,2914.9,0.0
2016-09-23,0.00477045578819442,21791.0,22526.8,2470.59,2753.59,0.0
2016-09-24,0.007993469569444422,16159.3,18366.7,2388.5200000000004,2643.2200000000007,0.0
2016-09-25,0.00201025886805555,14914.1,14546.2,2385.69,2589.4500000000007,0.0
2016-09-26,0.0,18395.0,18508.2,2380.03,2674.35,0.02499999999999999
2016-09-27,0.0,17970.5,18281.8,2416.82,3056.4,0.009375
2016-09-28,0.0,49242.0,49525.0,2762.08,4329.9000000000015,0.0006944444444444446
2016-09-29,0.0,26205.8,29432.0,4188.4000000000015,5348.7,0.0
2016-09-30,0.0,28045.3,28583.0,3056.4,3933.7,0.0
2016-10-01,0.0,26488.8,29715.0,2730.9500000000007,3311.1,0.0
2016-10-02,0.0,22357.0,23375.8,2606.43,3084.700000000001,0.0
2016-10-03,0.0,21253.3,22158.9,2498.89,2886.6,0.0
2016-10-04,0.0,22215.5,23432.4,2476.25,2767.74,0.0
2016-10-05,0.0,20942.0,22866.4,2456.44,2708.31,0.0
2016-10-06,0.0,20715.6,21026.9,2411.1600000000008,2580.96,0.0
2016-10-07,0.0,24281.4,25328.5,2391.35,2914.9,0.026041666666666644
2016-10-08,0.020612785590277724,25441.7,27451.0,2708.31,4018.6,0.07326388888888888
2016-10-09,0.007245071385416625,25413.4,27139.7,2858.3,6876.900000000002,0.0
2016-10-10,3.8519874999999954e-05,24904.0,26517.1,3763.9,5829.8,0.0
2016-10-11,0.0,24677.6,26262.4,3226.200000000001,4160.1,0.0
2016-10-12,0.006933724979166645,25300.2,26347.3,2815.85,3594.1,0.0
2016-10-13,0.013107786513888902,28583.0,31696.0,2665.86,3396.0,0.0
2016-10-14,0.009032645920138856,18649.7,20206.2,2620.58,3339.4,0.0
2016-10-15,0.014961554829861147,18083.7,18876.1,2538.51,3254.5,0.0
2016-10-16,0.02651097866666657,19894.9,21225.0,2552.6600000000008,3141.3,0.0
2016-10-17,0.01482530671527784,22017.4,23432.4,2566.81,3226.200000000001,0.0
2016-10-18,0.0058511262256944,21706.1,22753.2,2561.15,3113.0,0.0
2016-10-19,1.8434194444444395e-05,22074.0,23234.3,2555.49,2999.8,0.0
2016-10-20,0.0,21564.6,22809.8,2544.17,2886.6,0.0
2016-10-21,0.0,17602.600000000002,20291.1,2476.25,2824.34,0.0
2016-10-22,0.0,15055.6,16131.0,2402.67,2716.8,0.0
2016-10-23,0.0,20800.5,20942.0,2303.620000000001,2688.5,0.0
2016-10-24,0.0,21875.9,24139.9,2244.19,2699.82,0.0
2016-10-25,0.0,21366.5,22583.4,2227.21,2742.2700000000004,0.0
2016-10-26,0.0,17659.2,19187.4,2278.15,2858.3,0.0
2016-10-27,0.0,20574.1,21225.0,2357.39,2971.5,0.0
2016-10-28,0.0,21734.4,23573.9,2411.1600000000008,3113.0,0.0
2016-10-29,0.0,17206.4,18621.4,2445.120000000001,3169.6,0.0
2016-10-30,0.0,19810.0,20913.7,2476.25,3113.0,0.0
2016-10-31,0.0,18310.1,20998.6,2510.21,3113.0,0.0
2016-11-01,0.0,18055.4,18225.2,2538.51,3113.0,0.0
2016-11-02,0.0,23262.6,25498.3,2490.4,3141.3,0.0
2016-11-03,0.0,20942.0,22413.6,2498.89,3028.1,0.0
2016-11-04,0.0,21394.8,22894.7,2535.68,3141.3,0.0
2016-11-05,0.0,16527.2,18762.9,2558.32,3113.0,0.0
2016-11-06,0.0,21055.2,21932.5,2561.15,3056.4,0.0
2016-11-07,0.0,19753.4,21875.9,2589.4500000000007,3028.1,0.0
2016-11-08,0.0,22017.4,23630.5,2566.81,3367.700000000001,0.0
2016-11-09,0.0,20998.6,23404.1,2637.56,3452.6,0.0
2016-11-10,0.0,13555.7,16159.3,2728.120000000001,3396.0,0.0
2016-11-11,0.0,18649.7,19272.3,2730.9500000000007,3311.1,0.0
2016-11-12,0.0,18706.3,20630.7,2813.0200000000004,3367.700000000001,0.0
2016-11-13,0.0,21932.5,24253.1,2858.3,3480.9,0.032291666666666635
2016-11-14,0.0,22724.9,24988.9,2943.200000000001,3707.3,0.00034722222222222224
2016-11-15,0.0,22187.2,24507.8,3028.1,3820.5,0.0
2016-11-16,0.0,23545.6,26120.9,3367.700000000001,3848.8,0.0
2016-11-17,0.0,17744.100000000002,20206.2,3254.5,3763.9,0.0
2016-11-18,0.0,19894.9,21508.0,3226.200000000001,3962.0,0.0
2016-11-19,0.0,20432.6,22272.1,3226.200000000001,3990.3,0.0
2016-11-20,0.0,19357.2,21451.4,3197.9,3933.7,0.0
2016-11-21,0.0,22640.0,25215.3,3141.3,3735.6,0.0
2016-11-22,0.0,22781.5,25187.0,3169.6,3905.4,0.0
2016-11-23,4.410319444444446e-06,20659.0,23121.1,3282.8,3990.3,0.0
2016-11-24,4.1145833333333335e-07,18564.8,20489.2,3254.5,4046.9,0.0
2016-11-25,1.7141958333333318e-05,24621.0,25781.3,3282.8,4046.9,0.0
2016-11-26,1.3715277777777776e-07,23856.9,27535.9,3339.4,4131.8,0.0
2016-11-27,0.0,22555.1,24932.3,3339.4,4188.4000000000015,0.0
2016-11-28,6.592550000000005e-05,22838.1,24847.4,3311.1,4160.1,0.0
2016-11-29,0.039051280878472296,24281.4,25498.3,3509.200000000001,4216.7,0.044097222222222204
2016-11-30,0.12647388932638873,25611.5,27394.4,4046.9,5263.8,0.043402777777777776
2016-12-01,0.01801294454861122,50940.0,52638.0,9339.0,8631.5,0.00034722222222222224
2016-12-02,0.0002774470763888896,51506.0,54336.0,12112.4,13102.9,0.0
2016-12-03,0.0005811320381944437,50374.0,54619.0,7584.400000000002,10414.4,0.0020833333333333333
2016-12-04,0.019957670934027786,41884.0,47261.0,5603.400000000002,8263.6,0.0465277777777777
2016-12-05,0.04411059589583352,40469.0,44997.0,5263.8,8150.400000000002,0.02986111111111109
2016-12-06,0.1049385672291664,63675.0,66505.0,8235.300000000001,10555.9,0.03680555555555552
2016-12-07,0.007922299520833308,55751.0,62260.0,8490.0,11744.5,0.0
2016-12-08,0.003675099975694435,65656.0,71316.0,9678.6,12678.4,0.0
2016-12-09,0.000890027454861111,47261.0,52072.0,7131.6,10669.1,0.0
2016-12-10,0.000849084506944442,29998.0,35941.0,5773.2,8886.2,0.0
2016-12-11,0.002823487625000008,25017.2,27762.3,5122.3,7895.7,0.0010416666666666669
2016-12-12,0.0039282372812499775,26517.1,29149.0,4895.9000000000015,7527.8,0.0
2016-12-13,0.0004703150833333338,29715.0,32545.0,4839.3,6933.5,0.004861111111111112
2016-12-14,0.0010769786180555528,37639.0,40186.0,4782.7,6622.2,0.00034722222222222224
2016-12-15,0.0008367877152777713,48110.0,53204.0,4782.7,6565.6,0.0
2016-12-16,0.000303470930555556,31130.0,36507.0,4669.5,6480.7,0.0
2016-12-17,0.00214131794444444,28583.0,31979.0,4471.4000000000015,6197.7,0.0
2016-12-18,0.024032117843749968,28866.0,31979.0,4528.0,6339.2,0.01874999999999999
2016-12-19,0.027132482552083267,31413.0,34809.0,4697.8,6509.0,0.01979166666666666
2016-12-20,0.01129685477083334,32828.0,36790.0,4782.7,6537.3,0.0
2016-12-21,0.010800123437500012,31413.0,35941.0,4641.2,6480.7,0.0
2016-12-22,0.013125845347222252,31413.0,35092.0,4499.7,6367.5,0.0
2016-12-23,0.011883128239583379,31696.0,35375.0,4443.1,6282.6,0.0
2016-12-24,0.003408486968750011,42450.0,46412.0,4443.1,6310.900000000002,0.0
2016-12-25,0.000191413826388889,31979.0,35375.0,4414.8,6226.0,0.0
2016-12-26,0.00019693214583333402,31130.0,34809.0,4414.8,6282.6,0.0
2016-12-27,0.0008090853298611084,29715.0,32828.0,4471.4000000000015,6226.0,0.0
2016-12-28,0.0005033594999999994,24960.6,27960.4,4414.8,6226.0,0.0
2016-12-29,0.04824935935069455,23262.6,25300.2,4528.0,6678.8,0.029861111111111106
2016-12-30,0.010085205621527768,35092.0,37639.0,7075.0,9961.6,0.0
2016-12-31,0.010294039329861131,33111.0,37356.0,9508.8,13668.9,0.0
2017-01-01,0.030882515968750038,48393.0,50657.0,6509.0,10216.3,0.02430555555555553
2017-01-02,0.151074096142361,43016.0,49525.0,6084.5,10471.0,0.07326388888888888
2017-01-03,0.3454905649861117,94805.0,97918.0,15565.0,20998.6,0.03368055555555556
2017-01-04,0.0342023566180556,100748.0,114049.0,26120.9,34809.0,0.00034722222222222224
2017-01-05,0.007762177374999978,49808.0,56034.0,14291.5,25271.9,0.0
2017-01-06,0.014271457743055556,43299.0,46978.0,9905.0,17404.5,0.03958333333333334
2017-01-07,0.17976812021180547,58298.0,64241.0,9367.3,16555.5,0.03645833333333332
2017-01-08,0.12167563304513893,59713.0,65090.0,10103.1,16895.100000000002,0.0
2017-01-09,0.09819651591319443,61411.0,67071.0,9706.9,14857.5,0.0
2017-01-10,0.07471739878472221,36507.0,43582.0,7867.400000000002,12338.8,0.0
2017-01-11,0.05123828164930555,46412.0,48959.0,7131.6,10754.0,0.0
2017-01-12,0.02775916452430556,40752.0,46412.0,6905.2,10074.8,0.0
2017-01-13,0.005464986354166668,35375.0,39054.0,7018.400000000002,9989.9,0.0
2017-01-14,0.0,35658.0,38488.0,6876.900000000002,9876.7,0.0
2017-01-15,1.1713340277777785e-05,34243.0,39337.0,6565.6,9452.2,0.0
2017-01-16,0.0,32545.0,35941.0,6367.5,9112.6,0.0
2017-01-17,2.7430555555555556e-07,33394.0,37356.0,6197.7,9056.0,0.0010416666666666669
2017-01-18,4.2303069444444395e-05,33394.0,37073.0,6141.1,8857.9,0.0
2017-01-19,0.00015073578819444462,46129.0,48676.0,6056.2,8829.6,0.0
2017-01-20,0.00029656353125000066,28583.0,33394.0,5914.7,8631.5,0.0
2017-01-21,0.11668522715277768,28583.0,30564.0,6112.8,8914.5,0.0666666666666667
2017-01-22,0.4111112135173608,80655.0,83485.0,10612.5,13895.3,0.05763888888888888
2017-01-23,0.470681008524305,105842.0,113483.0,24592.7,27649.1,0.0006944444444444446
2017-01-24,0.0826211600798611,163574.0,184516.0,26460.5,40186.0,0.00034722222222222224
2017-01-25,0.02757713936458332,130180.0,148009.0,15932.9,27677.4,0.0
2017-01-26,0.019019545937499938,109521.0,119426.0,12480.3,20319.4,0.003472222222222222
2017-01-27,0.009293698878472196,70184.0,78108.0,10527.6,16810.2,0.0006944444444444446
2017-01-28,0.005368087312499977,58581.0,63392.0,9423.9,14546.2,0.0
2017-01-29,0.004173376184027772,38771.0,44431.0,8744.7,12848.2,0.0
2017-01-30,0.0024601759097222053,38205.0,42450.0,8263.6,11687.9,0.0
2017-01-31,0.0023783222986111193,48959.0,54619.0,7924.0,10838.9,0.00034722222222222224
2017-02-01,0.00017312900694444424,37922.0,41035.0,7556.1,10131.4,0.0
2017-02-02,0.00013362755555555603,43299.0,46978.0,7329.7,9763.5,0.00034722222222222224
2017-02-03,0.0010086097638888868,46695.0,52072.0,7216.5,9537.1,0.003819444444444445
2017-02-04,0.0010890413194444481,54053.0,56317.0,6990.1,9254.1,0.00034722222222222224
2017-02-05,0.0022062475833333184,32828.0,39903.0,6820.3,9225.8,0.0010416666666666669
2017-02-06,0.0028477481388888967,29998.0,33111.0,6622.2,8886.2,0.0
2017-02-07,0.0062133290763888935,38488.0,40186.0,6593.900000000002,8631.5,0.0
2017-02-08,0.0044008122951388435,46412.0,50374.0,6792.0,9027.7,0.0006944444444444446
2017-02-09,0.04417449278819436,45846.0,50657.0,8857.9,11206.8,0.0006944444444444446
2017-02-10,0.0036412687465277867,46129.0,50940.0,9820.1,11772.8,0.0
2017-02-11,0.006082592093749975,41601.0,47544.0,8914.5,10725.7,0.0
2017-02-12,0.008215527718749978,29149.0,31696.0,7556.1,9678.6,0.00034722222222222224
2017-02-13,0.0052865487395833115,29998.0,33394.0,7103.3,9254.1,0.0
2017-02-14,0.005037486097222209,29432.0,31696.0,6848.6,8886.2,0.0
2017-02-15,0.04508735248958345,53204.0,54902.0,6905.2,9112.6,0.04062499999999998
2017-02-16,0.0083643678472222,44997.0,52072.0,7895.7,11376.6,0.00034722222222222224
2017-02-17,0.007326002045138861,31979.0,35658.0,9565.4,12112.4,0.0
2017-02-18,0.009595958947916677,43016.0,45563.0,7782.5,10527.6,0.003819444444444444
2017-02-19,0.01191781846527778,47261.0,50657.0,7188.2,9650.3,0.0006944444444444446
2017-02-20,0.008579339663194427,40752.0,47261.0,6848.6,9254.1,0.00034722222222222224
2017-02-21,0.010599820722222257,23828.6,26177.5,6650.5,8886.2,0.0
2017-02-22,0.016131629840277762,34526.0,35375.0,6537.3,8603.2,0.0006944444444444446
2017-02-23,0.012591726388888941,45280.0,49242.0,6622.2,8603.2,0.0
2017-02-24,0.013827559923611156,32828.0,37356.0,7103.3,8659.800000000001,0.0
2017-02-25,0.011795065899305577,28583.0,30847.0,6792.0,8603.2,0.0
2017-02-26,0.0035286263229166773,29149.0,31979.0,6424.1,8376.800000000001,0.0
2017-02-27,0.006673702461805525,29715.0,32828.0,6169.400000000002,8065.5,0.0
2017-02-28,0.006788555447916651,26319.0,28866.0,6056.2,7839.1,0.0
2017-03-01,0.053750686496527776,27535.9,26375.6,6226.0,7867.400000000002,0.03402777777777776
2017-03-02,0.028753244874999983,39054.0,44148.0,7301.400000000002,8574.9,0.0
2017-03-03,0.0210242689340278,48393.0,51223.0,10046.5,11433.2,0.0
2017-03-04,0.04205028086458342,50091.0,54053.0,8857.9,11008.7,0.0
2017-03-05,0.029019162270833225,38488.0,44431.0,7329.7,9593.7,0.0
2017-03-06,0.0004895392986111107,30847.0,34809.0,6820.3,8999.4,0.0006944444444444446
2017-03-07,0.0014698182048611078,30281.0,32828.0,6650.5,8801.300000000001,0.00902777777777778
2017-03-08,0.002942286222222228,29432.0,32262.0,6622.2,8490.0,0.00034722222222222224
2017-03-09,0.0028774492916666767,31413.0,33677.0,6622.2,8433.4,0.0
2017-03-10,0.007199241208333295,33394.0,37639.0,6678.8,8263.6,0.012847222222222223
2017-03-11,0.0016913748472222195,33394.0,37639.0,6622.2,8433.4,0.00034722222222222224
2017-03-12,0.049732322579861314,38205.0,40752.0,7867.400000000002,9650.3,0.05520833333333333
2017-03-13,0.06053292732291655,45846.0,51506.0,7924.0,10980.4,0.01909722222222221
2017-03-14,0.18028416473263914,35092.0,41035.0,9593.7,12084.1,0.01215277777777778
2017-03-15,0.10906438915277776,29998.0,33960.0,8773.0,11461.5,0.0
2017-03-16,0.08396615851388901,42450.0,46978.0,8631.5,11150.2,0.0
2017-03-17,0.08750866803125007,31979.0,34809.0,7442.900000000002,9848.4,0.001736111111111111
2017-03-18,0.0871646532708336,45280.0,49242.0,7075.0,9282.4,0.003819444444444445
2017-03-19,0.07012125828819432,37356.0,40752.0,6961.8,9169.2,0.0013888888888888892
2017-03-20,0.05102741514930592,34243.0,39337.0,6678.8,9339.0,0.0013888888888888892
2017-03-21,0.06050658728819455,29432.0,32545.0,6593.900000000002,8744.7,0.0006944444444444446
2017-03-22,0.14658520181249968,32262.0,34243.0,6933.5,9735.2,0.0
2017-03-23,0.1140151212916666,40752.0,45846.0,32545.0,26177.5,0.0
2017-03-24,0.13142900720833348,37073.0,41884.0,15310.3,28866.0,0.007291666666666667
2017-03-25,0.14671654803472226,30281.0,32828.0,10471.0,20149.6,0.0
2017-03-26,0.14045240859027766,31979.0,35092.0,8971.1,16300.8,0.008680555555555558
2017-03-27,0.13430951981944472,44997.0,48676.0,8518.300000000001,14744.3,0.002777777777777777
2017-03-28,0.1885277628506933,30847.0,34809.0,9056.0,14772.6,0.0
2017-03-29,0.18688343042013825,47261.0,50374.0,9650.3,14942.4,0.0006944444444444446
2017-03-30,0.2413435252361111,46978.0,50374.0,9593.7,14150.0,0.003819444444444445
2017-03-31,0.3604188517152783,63109.0,61977.0,9508.8,14319.8,0.011111111111111113
2017-04-01,0.2401107494062494,103861.0,108955.0,18989.3,26885.0,0.0006944444444444446
2017-04-02,0.16317583134027708,84334.0,92824.0,13923.6,22753.2,0.0013888888888888892
2017-04-03,0.5978425253333337,74712.0,80938.0,10725.7,18338.4,0.00034722222222222224
2017-04-04,0.6197775924409729,92824.0,94522.0,12197.3,20347.7,0.00034722222222222224
2017-04-05,2.7624622625312507,131312.0,140085.0,18055.4,25073.8,0.0
2017-04-06,1.9828600984687468,189044.0,203760.0,31130.0,41884.0,0.0
2017-04-07,0.6109946406874999,215646.0,242814.0,41318.0,52921.0,0.00034722222222222224
2017-04-08,0.3389172645937504,146311.0,161593.0,22215.5,39337.0,0.0
2017-04-09,0.24031132408680525,108672.0,116313.0,15932.9,27847.2,0.0
2017-04-10,0.17299296542013906,85749.0,92824.0,13385.9,21904.2,0.0
2017-04-11,0.12691722057291674,73863.0,78108.0,11744.5,18649.7,0.0
2017-04-12,0.09877099083680564,72448.0,75844.0,10640.8,16470.600000000002,0.0
2017-04-13,0.0782869284062499,64524.0,68486.0,9933.3,14857.5,0.001736111111111111
2017-04-14,0.06522663820486109,59996.0,64241.0,9310.7,13442.5,0.0
2017-04-15,0.050024468315972466,56600.0,58581.0,8744.7,12310.5,0.0
2017-04-16,0.037415088597222416,51789.0,54619.0,9140.9,11574.7,0.0
2017-04-17,0.04042525951736119,46129.0,50091.0,8461.7,11376.6,0.040277777777777767
2017-04-18,0.0508765472777781,45280.0,48110.0,8490.0,11687.9,0.0010416666666666669
2017-04-19,0.043578085864583546,58864.0,61411.0,10952.1,11376.6,0.009375000000000005
2017-04-20,0.031914986850694486,40469.0,46412.0,14744.3,15027.3,0.0
2017-04-21,0.023232764770833303,61977.0,63109.0,13867.0,16951.7,0.0
2017-04-22,0.018333849781249984,48959.0,54336.0,10216.3,13499.1,0.013194444444444446
2017-04-23,0.03449823587499992,42733.0,42450.0,9027.7,12055.8,0.07361111111111113
2017-04-24,0.2420833001111116,224136.0,220740.0,21536.3,26205.8,0.034027777777777775
2017-04-25,0.21169736950347195,452800.0,475440.0,81221.0,90277.0,0.0
2017-04-26,0.11637490670833345,262058.0,294320.0,101597.0,147726.0,0.0
2017-04-27,0.0867384335000002,156216.0,172347.0,31130.0,72165.0,0.0
2017-04-28,0.0663767895694445,118294.0,123954.0,21451.4,39620.0,0.0
2017-04-29,0.06363698343402785,100465.0,105842.0,17630.9,30847.0,0.0
2017-04-30,0.04449884296527802,84334.0,88013.0,15112.2,26234.1,0.0006944444444444446
2017-05-01,0.05473834135416675,65656.0,68486.0,13414.2,22951.3,0.02395833333333333
2017-05-02,0.04440148871180569,84900.0,86032.0,13867.0,22102.3,0.00034722222222222224
2017-05-03,0.04362719667361111,84334.0,88579.0,13385.9,20602.4,0.0
2017-05-04,0.051602028819444624,75844.0,79806.0,11320.0,18112.0,0.035416666666666666
2017-05-05,0.056307068194444615,101880.0,101314.0,17715.8,29149.0,0.003125
2017-05-06,0.040718328854166784,144047.0,152537.0,15734.8,35092.0,0.011805555555555559
2017-05-07,0.022810443975694417,118860.0,127633.0,13555.7,23941.8,0.00034722222222222224
2017-05-08,0.019156867052083262,86315.0,93107.0,11687.9,20093.0,0.0
2017-05-09,0.0182782141979166,73580.0,77542.0,10499.3,17206.4,0.0
2017-05-10,0.010457243517361109,57449.0,61128.0,9593.7,15480.1,0.0
2017-05-11,0.0073943521701388595,55468.0,58015.0,9027.7,13810.4,0.0
2017-05-12,0.013149788784722213,47544.0,51789.0,8518.300000000001,12763.3,0.026388888888888892
2017-05-13,0.02378677951736097,57166.0,59713.0,8716.4,13018.0,0.00034722222222222224
2017-05-14,0.008057618291666629,77825.0,82636.0,10329.5,14319.8,0.0
2017-05-15,0.008145547236111082,43582.0,47261.0,9763.5,13838.7,0.0
2017-05-16,0.00496919947916665,44997.0,44714.0,8348.5,12565.2,0.0
2017-05-17,0.006771815902777754,55751.0,63675.0,7725.900000000002,11376.6,0.0
2017-05-18,0.004788498829861093,28866.0,31130.0,7273.1,10499.3,0.0
2017-05-19,0.003800894836805558,26771.8,27847.2,6990.1,9876.7,0.0
2017-05-20,0.004205834520833329,44997.0,45280.0,6820.3,9339.0,0.0
2017-05-21,9.303654821350694,60845.0,70184.0,8207.0,13385.9,0.3621527777777777
2017-05-22,1.9054545716180544,179705.0,216778.0,35092.0,62826.0,0.020486111111111104
2017-05-23,12.394981371246535,167819.0,196119.0,40186.0,59147.0,0.0725694444444443
2017-05-24,9.367927804781251,184516.0,219042.0,35092.0,73014.0,0.00034722222222222224
2017-05-25,4.467750452791671,244795.0,285830.0,41601.0,81504.0,0.0
2017-05-26,1.5052358490486089,173479.0,197251.0,25045.5,51223.0,0.0006944444444444446
2017-05-27,0.8385517237152755,123671.0,131595.0,17376.2,26998.2,0.0
2017-05-28,0.5251413562638869,78108.0,84334.0,14008.5,19979.8,0.0
2017-05-29,0.6702923910798578,69052.0,71033.0,11999.2,15989.5,0.0059027777777777785
2017-05-30,0.5385855991944443,80372.0,82919.0,10725.7,13810.4,0.00034722222222222224
2017-05-31,0.2333093041249986,50091.0,56600.0,9961.6,12338.8,0.00034722222222222224
2017-06-01,0.2296488411145824,62260.0,64524.0,9452.2,11433.2,0.0
2017-06-02,0.17301309077430566,56034.0,59430.0,10216.3,14348.1,0.0
2017-06-03,0.15272636902430606,70184.0,73580.0,9508.8,11291.7,0.0
2017-06-04,0.12667007849652734,42733.0,49242.0,8376.800000000001,10074.8,0.012152777777777778
2017-06-05,0.19201387188541605,32545.0,35375.0,13584.0,11037.0,0.034027777777777775
2017-06-06,0.14022982173958284,79240.0,78674.0,37356.0,22357.0,0.00034722222222222224
2017-06-07,0.10933444062152807,70750.0,77542.0,20376.0,21338.2,0.0
2017-06-08,0.0948332142986114,87730.0,90843.0,21621.2,24621.0,0.0
2017-06-09,0.09503925966319453,42167.0,49525.0,12989.7,16866.8,0.0
2017-06-10,0.0778257325833333,48676.0,49808.0,10386.1,12763.3,0.0
2017-06-11,0.04892363466319466,46695.0,51506.0,9112.6,10895.5,0.0
2017-06-12,0.05162392712152813,30281.0,33111.0,8348.5,9452.2,0.0
2017-06-13,0.06539124229861125,30847.0,32545.0,7810.8,8574.9,0.0
2017-06-14,0.0628687901319446,41601.0,42733.0,7414.6,8065.5,0.0
2017-06-15,0.08770347557638862,54336.0,58298.0,10244.6,8320.2,0.04687499999999998
2017-06-16,0.1575336429583336,46978.0,50374.0,8744.7,8490.0,0.02361111111111111
2017-06-17,0.4198843246388878,40752.0,44714.0,7867.400000000002,8320.2,0.08055555555555556
2017-06-18,0.2735690517152775,44997.0,47544.0,7725.900000000002,8688.1,0.0
2017-06-19,0.2764016372881939,37639.0,41035.0,8008.900000000002,8348.5,0.003125
2017-06-20,0.3205159563958336,35941.0,39337.0,7159.900000000002,8291.9,0.06284722222222228
2017-06-21,0.2141763332465284,55185.0,56883.0,7414.6,9791.8,0.002430555555555556
2017-06-22,0.16898655098263984,44714.0,49242.0,11291.7,11857.7,0.00902777777777778
2017-06-23,0.16411777724652699,43865.0,46695.0,9310.7,10499.3,0.005208333333333333
2017-06-24,0.12667784311111074,50940.0,53487.0,10018.2,11574.7,0.007291666666666667
2017-06-25,0.22265374648958394,46978.0,50657.0,8971.1,10640.8,0.0
2017-06-26,0.116413913333333,47827.0,50657.0,9084.3,11320.0,0.0
2017-06-27,0.11011941196527766,33111.0,37356.0,7782.5,10159.7,0.0
2017-06-28,0.07859193715972261,29998.0,31413.0,6678.8,8518.300000000001,0.0
2017-06-29,0.06875525922916674,35092.0,37073.0,6141.1,7442.900000000002,0.01527777777777778
2017-06-30,0.2642861854201389,36790.0,40186.0,6367.5,9056.0,0.05902777777777773
2017-07-01,0.16756444445486066,52638.0,52638.0,10216.3,29432.0,0.007291666666666667
2017-07-02,0.10834350961458372,83202.0,85183.0,13697.2,22923.0,0.00034722222222222224
2017-07-03,0.09480598771180578,93390.0,99616.0,9565.4,17772.4,0.002430555555555556
2017-07-04,0.08175060421527804,69335.0,71882.0,16470.600000000002,12989.7,0.0
2017-07-05,0.07042279052083346,92258.0,96220.0,17121.5,26234.1,0.00034722222222222224
2017-07-06,0.06672425928472239,80372.0,86315.0,9282.4,15961.2,0.0
2017-07-07,0.05111654954861094,69052.0,71882.0,7414.6,14150.0,0.0
2017-07-08,0.044657844211805416,57732.0,63392.0,6876.900000000002,11716.2,0.0
2017-07-09,0.041320406559028,51789.0,51506.0,6169.400000000002,9706.9,0.0
2017-07-10,0.03450768977083343,64807.0,69335.0,8122.1,9169.2,0.0
2017-07-11,0.021813933180555585,56600.0,59713.0,7273.1,8744.7,0.0
2017-07-12,0.0009419432395833322,41318.0,42167.0,5943.0,7952.3,0.0
2017-07-13,0.0,54619.0,58015.0,5405.3,7075.0,0.0
2017-07-14,0.0,35941.0,39620.0,5037.4000000000015,6650.5,0.0
2017-07-15,0.0,35941.0,37356.0,4726.1,6197.7,0.05243055555555555
2017-07-16,0.0,41035.0,43865.0,9791.8,6084.5,0.0006944444444444446
2017-07-17,0.0,42167.0,43299.0,7556.1,7018.400000000002,0.00034722222222222224
2017-07-18,0.0,31130.0,35375.0,20998.6,6933.5,0.0
2017-07-19,0.0,43299.0,42733.0,10018.2,6848.6,0.012847222222222223
2017-07-20,0.0,37922.0,40752.0,6848.6,7159.900000000002,0.0
2017-07-21,0.0,29149.0,32262.0,5773.2,7527.8,0.0
2017-07-22,0.0,28271.7,27677.4,5037.4000000000015,6509.0,0.0
2017-07-23,0.0,40186.0,43016.0,4612.9000000000015,5914.7,0.08819444444444452
2017-07-24,0.0,25611.5,29432.0,4980.8,6084.5,0.0
2017-07-25,0.0,22640.0,23149.4,7952.3,6933.5,0.0
2017-07-26,0.0,22979.6,23772.0,5377.0,6084.5,0.0
2017-07-27,0.0,27592.5,27564.2,4499.7,5122.3,0.002430555555555556
2017-07-28,0.0,30564.0,32545.0,4188.4000000000015,5094.0,0.0006944444444444446
2017-07-29,0.0,30564.0,32545.0,4980.8,6169.400000000002,0.0
2017-07-30,0.0,29715.0,31413.0,7301.400000000002,7669.3,0.0
2017-07-31,0.0,27932.1,29715.0,5292.1,6424.1,0.0
2017-08-01,0.0,24111.6,25498.3,4131.8,5235.5,0.0
2017-08-02,0.0,21083.5,21875.9,3707.3,4612.9000000000015,0.0
2017-08-03,0.0,21621.2,22555.1,3509.200000000001,4329.9000000000015,0.0
2017-08-04,0.0,21847.6,22158.9,3396.0,4160.1,0.0013888888888888892
2017-08-05,0.0,23573.9,24338.0,3367.700000000001,4075.2,0.0
2017-08-06,0.0,27932.1,28866.0,3650.7,3905.4,0.0
2017-08-07,0.0,25073.8,26658.6,5716.6,4414.8,0.10520833333333336
2017-08-08,0.0,23743.7,25328.5,4414.8,4924.2,0.017361111111111112
2017-08-09,0.0,32545.0,32262.0,6593.900000000002,6707.1,0.0
2017-08-10,0.0,43865.0,48110.0,9056.0,10329.5,0.0
2017-08-11,0.0,29715.0,34243.0,5971.3,7895.7,0.013194444444444444
2017-08-12,0.0,31979.0,30847.0,4980.8,7612.7,0.0
2017-08-13,0.0,68769.0,74995.0,10867.2,13187.8,0.0
2017-08-14,0.0,68486.0,70750.0,6933.5,20262.8,0.002777777777777777
2017-08-15,0.0,142915.0,158197.0,5207.2,15593.3,0.0
2017-08-16,0.0,91692.0,103861.0,8829.6,13244.4,0.0
2017-08-17,0.0,60562.0,67071.0,6254.3,12848.2,0.0
2017-08-18,0.0,37639.0,43016.0,4952.5,12678.4,0.0
2017-08-19,0.0,37356.0,38205.0,4188.4000000000015,9480.5,0.0
2017-08-20,0.0,42450.0,46978.0,3763.9,7499.5,0.0
2017-08-21,0.0,29149.0,32262.0,3452.6,6367.5,0.0
2017-08-22,0.0,23234.3,24224.8,3339.4,5716.6,0.0
2017-08-23,0.0,22753.2,23460.7,3169.6,5348.7,0.0
2017-08-24,0.0,28583.0,30281.0,3084.700000000001,4811.0,0.0
2017-08-25,0.0,26658.6,29715.0,2943.200000000001,4471.4000000000015,0.0
2017-08-26,0.0,24309.7,25724.7,2858.3,4216.7,0.0
2017-08-27,0.0,24196.5,25554.9,2770.57,3990.3,0.0
2017-08-28,0.0,24055.0,25102.1,2654.54,3792.2,0.0
2017-08-29,0.0,23630.5,25073.8,2555.49,3622.4,0.0
2017-08-30,0.0,19215.7,20460.9,2476.25,3396.0,0.0010416666666666669
2017-08-31,0.0,21394.8,22611.7,2648.88,3537.5,0.11388888888888893
2017-09-01,0.0,27168.0,27988.7,3339.4,6650.5,0.002777777777777777
2017-09-02,0.0,43299.0,46978.0,9339.0,10471.0,0.00034722222222222224
2017-09-03,0.0,43016.0,49808.0,6565.6,7358.0,0.0
2017-09-04,0.0,26828.4,31979.0,5178.9000000000015,6735.400000000002,0.0
2017-09-05,0.0,20460.9,22187.2,3905.4,5660.0,0.04340277777777776
2017-09-06,0.0,27620.8,29715.0,3679.0,5433.6,0.017013888888888884
2017-09-07,0.0,48110.0,49242.0,9622.0,7188.2,0.0
2017-09-08,0.0,71882.0,85183.0,11433.2,10923.8,0.0
2017-09-09,0.0,54902.0,64807.0,6141.1,8235.300000000001,0.0
2017-09-10,0.0,59996.0,68769.0,4641.2,6848.6,0.0
2017-09-11,0.0,46412.0,56317.0,4188.4000000000015,6282.6,0.1368055555555557
2017-09-12,0.4135693912604157,49242.0,53770.0,8178.7,8291.9,0.031597222222222214
2017-09-13,0.1321370768368052,88579.0,96503.0,31413.0,24904.0,0.0
2017-09-14,0.11039271105902836,97918.0,115464.0,13782.1,20347.7,0.0
2017-09-15,0.025113253586805644,50940.0,59713.0,8490.0,14008.5,0.0
2017-09-16,2.0291666666666666e-06,49242.0,55751.0,6565.6,10329.5,0.0
2017-09-17,0.0,42167.0,49808.0,5660.0,8490.0,0.0
2017-09-18,0.0,30281.0,33960.0,5094.0,7386.3,0.0
2017-09-19,0.0,28271.7,32262.0,4726.1,6650.5,0.0
2017-09-20,0.0,38771.0,41318.0,4528.0,6141.1,0.0
2017-09-21,0.0,34526.0,41601.0,4301.6,5631.7,0.0
2017-09-22,0.0,25187.0,27818.9,4103.5,5320.4000000000015,0.0
2017-09-23,0.0,25611.5,28300.0,3905.4,5065.7,0.0
2017-09-24,0.0,25611.5,28300.0,3792.2,4754.4000000000015,0.0
2017-09-25,0.0,24366.3,26800.1,3679.0,4528.0,0.0
2017-09-26,0.0,23743.7,26234.1,3650.7,4358.2,0.0
2017-09-27,0.0,23460.7,26205.8,3565.8,4245.0,0.0
2017-09-28,0.0,19866.6,21309.9,3452.6,4018.6,0.0
2017-09-29,0.0,20347.7,21904.2,3396.0,3933.7,0.0
2017-09-30,0.0,23856.9,26120.9,3282.8,3820.5,0.0
